playerId,season,name,team,position,situation,games_played,icetime,xGoals,goals,unblocked_shot_attempts,xRebounds,rebounds,xFreeze,freeze,xOnGoal,ongoal,xPlayStopped,playStopped,xPlayContinuedInZone,playContinuedInZone,xPlayContinuedOutsideZone,playContinuedOutsideZone,flurryAdjustedxGoals,lowDangerShots,mediumDangerShots,highDangerShots,lowDangerxGoals,mediumDangerxGoals,highDangerxGoals,lowDangerGoals,mediumDangerGoals,highDangerGoals,blocked_shot_attempts,penalityMinutes,penalties
8478048,2025,Igor Shesterkin,NYR,G,other,34,1845.0,6.08,5.0,88.0,4.19,4.0,9.28,1.0,48.91,39.0,0.75,0.0,30.67,35.0,14.84,22.0,5.57,38.0,25.0,4.0,1.68,3.06,1.34,2.0,2.0,1.0,21.0,0.0,0.0
8478048,2025,Igor Shesterkin,NYR,G,all,34,120360.0,97.55,82.0,2008.0,73.24,118.0,256.9,180.0,1060.67,946.0,32.71,1.0,575.94,502.0,409.59,564.0,91.91,1095.0,258.0,96.0,34.14,31.68,31.73,34.0,25.0,23.0,559.0,4.0,2.0
8478048,2025,Igor Shesterkin,NYR,G,5on5,34,101011.0,65.56,51.0,1596.0,53.3,90.0,209.33,146.0,825.51,738.0,26.03,1.0,447.03,385.0,330.95,459.0,63.18,902.0,171.0,61.0,27.28,21.15,17.13,26.0,18.0,7.0,462.0,4.0,2.0
8478048,2025,Igor Shesterkin,NYR,G,4on5,34,9453.0,21.97,20.0,276.0,13.51,20.0,32.92,27.0,151.84,136.0,0.77,0.0,85.49,77.0,44.25,59.0,19.56,125.0,52.0,26.0,4.13,6.1,11.74,3.0,4.0,13.0,73.0,0.0,0.0
8478048,2025,Igor Shesterkin,NYR,G,5on4,34,8051.0,3.51,5.0,35.0,1.53,4.0,3.55,4.0,25.87,26.0,5.07,0.0,7.69,1.0,15.88,19.0,3.15,19.0,9.0,5.0,0.78,1.2,1.52,2.0,1.0,2.0,2.0,0.0,0.0
8481020,2025,Justus Annunen,NSH,G,other,18,2109.0,4.19,6.0,53.0,2.45,4.0,6.53,5.0,31.32,28.0,0.49,0.0,17.97,15.0,9.79,12.0,3.61,31.0,5.0,6.0,1.25,0.75,2.19,3.0,1.0,2.0,11.0,0.0,0.0
8481020,2025,Justus Annunen,NSH,G,all,18,54574.0,43.59,49.0,830.0,34.44,46.0,114.04,99.0,471.07,423.0,15.94,0.0,257.37,241.0,178.42,209.0,41.32,475.0,124.0,45.0,14.24,15.07,14.28,21.0,18.0,10.0,186.0,0.0,0.0
8481020,2025,Justus Annunen,NSH,G,5on5,18,43752.0,29.64,33.0,649.0,24.09,32.0,90.8,81.0,358.45,320.0,12.8,0.0,196.02,186.0,141.35,162.0,28.52,377.0,89.0,28.0,11.11,10.48,8.05,15.0,14.0,4.0,155.0,0.0,0.0
8481020,2025,Justus Annunen,NSH,G,4on5,18,4635.0,8.68,10.0,114.0,7.37,10.0,15.28,13.0,71.26,64.0,0.21,0.0,40.29,39.0,20.73,23.0,8.11,58.0,28.0,9.0,1.68,3.5,3.49,3.0,3.0,4.0,19.0,0.0,0.0
8481020,2025,Justus Annunen,NSH,G,5on4,18,4078.0,1.08,0.0,14.0,0.54,0.0,1.42,0.0,10.03,11.0,2.45,0.0,3.09,1.0,6.54,12.0,1.08,9.0,2.0,2.0,0.2,0.34,0.53,0.0,0.0,0.0,1.0,0.0,0.0
8480193,2025,Daniil Tarasov,FLA,G,other,19,2566.0,6.1,7.0,65.0,2.77,4.0,6.93,6.0,36.62,37.0,1.08,0.0,20.21,16.0,11.76,15.0,5.79,26.0,15.0,8.0,0.9,1.67,3.54,2.0,1.0,4.0,16.0,0.0,0.0
8480193,2025,Daniil Tarasov,FLA,G,all,19,66079.0,50.7,52.0,1048.0,39.27,64.0,140.41,106.0,572.57,516.0,19.08,0.0,311.7,282.0,225.2,281.0,48.4,591.0,144.0,52.0,17.07,17.51,16.13,25.0,16.0,11.0,261.0,0.0,0.0
8480193,2025,Daniil Tarasov,FLA,G,5on5,19,52623.0,37.16,38.0,830.0,29.83,53.0,115.66,84.0,454.59,402.0,14.4,0.0,245.81,228.0,181.98,222.0,35.57,486.0,103.0,37.0,13.9,13.01,10.25,22.0,12.0,4.0,204.0,0.0,0.0
8480193,2025,Daniil Tarasov,FLA,G,4on5,19,5035.0,6.09,6.0,131.0,5.83,5.0,15.73,15.0,67.3,62.0,0.41,0.0,40.9,37.0,22.05,30.0,5.72,66.0,22.0,5.0,1.85,2.35,1.9,1.0,2.0,3.0,38.0,0.0,0.0
8480193,2025,Daniil Tarasov,FLA,G,5on4,19,5855.0,1.35,1.0,22.0,0.84,2.0,2.09,1.0,14.06,15.0,3.18,0.0,4.78,1.0,9.41,14.0,1.31,13.0,4.0,2.0,0.41,0.49,0.45,0.0,1.0,0.0,3.0,0.0,0.0
8479979,2025,Jake Oettinger,DAL,G,other,37,3130.0,5.76,6.0,100.0,3.61,4.0,9.52,7.0,49.8,46.0,1.84,1.0,29.67,29.0,16.82,21.0,5.44,48.0,14.0,5.0,2.0,1.6,2.16,3.0,2.0,1.0,33.0,0.0,0.0
8479979,2025,Jake Oettinger,DAL,G,all,37,131710.0,99.01,100.0,2077.0,73.28,125.0,263.72,171.0,1074.1,971.0,32.99,4.0,574.85,522.0,412.08,540.0,93.71,1098.0,257.0,105.0,33.91,31.28,33.82,41.0,32.0,27.0,617.0,0.0,0.0
8479979,2025,Jake Oettinger,DAL,G,5on5,37,108760.0,68.63,68.0,1652.0,53.81,92.0,215.97,137.0,844.39,758.0,25.32,2.0,447.68,410.0,334.08,440.0,66.55,889.0,197.0,63.0,27.5,24.0,17.13,34.0,23.0,11.0,503.0,0.0,0.0
8479979,2025,Jake Oettinger,DAL,G,4on5,37,10921.0,21.45,21.0,279.0,14.08,27.0,33.5,25.0,152.15,134.0,0.62,0.0,86.99,77.0,43.43,55.0,18.6,135.0,36.0,34.0,3.51,4.33,13.59,3.0,4.0,14.0,74.0,0.0,0.0
8479979,2025,Jake Oettinger,DAL,G,5on4,37,8899.0,2.67,5.0,38.0,1.49,2.0,4.09,1.0,23.7,30.0,5.07,1.0,8.82,5.0,15.96,21.0,2.63,24.0,7.0,3.0,0.77,0.96,0.94,1.0,3.0,1.0,4.0,0.0,0.0
8478971,2025,Connor Ingram,EDM,G,other,13,1097.0,1.34,1.0,26.0,0.87,1.0,2.61,4.0,12.47,14.0,0.54,0.0,7.43,7.0,4.34,4.0,1.31,12.0,4.0,1.0,0.4,0.5,0.44,0.0,0.0,1.0,9.0,0.0,0.0
8478971,2025,Connor Ingram,EDM,G,all,13,43133.0,32.08,32.0,657.0,24.0,35.0,80.21,75.0,341.38,310.0,14.24,0.0,183.97,159.0,133.1,164.0,30.73,352.0,78.0,35.0,10.68,9.63,11.77,14.0,8.0,10.0,192.0,2.0,1.0
8478971,2025,Connor Ingram,EDM,G,5on5,13,36166.0,23.63,25.0,536.0,18.9,30.0,67.31,63.0,275.16,248.0,11.73,0.0,147.61,122.0,108.96,136.0,22.75,287.0,65.0,24.0,9.26,8.06,6.32,13.0,8.0,4.0,160.0,0.0,0.0
8478971,2025,Connor Ingram,EDM,G,4on5,13,2930.0,6.52,6.0,83.0,3.9,4.0,9.19,6.0,45.95,39.0,0.39,0.0,26.51,29.0,14.42,17.0,6.1,45.0,7.0,10.0,0.65,0.86,5.01,1.0,0.0,5.0,21.0,2.0,1.0
8478971,2025,Connor Ingram,EDM,G,5on4,13,2940.0,0.59,0.0,12.0,0.32,0.0,1.1,2.0,7.81,9.0,1.58,0.0,2.42,1.0,5.37,7.0,0.57,8.0,2.0,0.0,0.37,0.22,0.0,0.0,0.0,0.0,2.0,0.0,0.0
8480947,2025,Kevin Lankinen,VAN,G,other,32,2233.0,7.63,8.0,91.0,4.45,9.0,12.67,8.0,57.64,48.0,0.75,0.0,28.52,26.0,19.49,24.0,6.53,45.0,20.0,10.0,1.68,2.57,3.38,1.0,3.0,4.0,16.0,0.0,0.0
8480947,2025,Kevin Lankinen,VAN,G,all,32,104946.0,97.13,107.0,1735.0,67.57,115.0,231.78,164.0,968.58,860.0,29.89,0.0,504.33,447.0,365.03,465.0,91.46,936.0,257.0,105.0,28.82,33.22,35.08,42.0,36.0,29.0,437.0,2.0,1.0
8480947,2025,Kevin Lankinen,VAN,G,5on5,32,87841.0,67.1,71.0,1412.0,52.04,89.0,191.85,134.0,772.58,674.0,23.64,0.0,405.78,363.0,297.9,383.0,63.72,777.0,200.0,63.0,23.69,26.37,17.04,33.0,29.0,9.0,372.0,2.0,1.0
8480947,2025,Kevin Lankinen,VAN,G,4on5,32,6878.0,19.86,25.0,191.0,9.69,14.0,22.88,18.0,112.51,108.0,0.69,0.0,60.92,54.0,30.99,37.0,18.75,91.0,28.0,29.0,2.76,3.22,13.86,6.0,3.0,16.0,43.0,0.0,0.0
8480947,2025,Kevin Lankinen,VAN,G,5on4,32,7994.0,2.02,1.0,34.0,1.14,1.0,3.46,3.0,21.42,24.0,4.76,0.0,7.08,3.0,14.51,21.0,1.99,19.0,7.0,3.0,0.5,0.72,0.8,1.0,0.0,0.0,5.0,0.0,0.0
8477968,2025,Alex Nedeljkovic,SJS,G,other,25,1556.0,5.13,4.0,52.0,2.32,5.0,4.81,4.0,28.8,26.0,0.72,0.0,15.23,15.0,8.56,9.0,4.3,16.0,13.0,8.0,0.67,1.64,2.82,1.0,1.0,2.0,15.0,0.0,0.0
8477968,2025,Alex Nedeljkovic,SJS,G,all,25,84188.0,68.37,68.0,1380.0,51.85,75.0,177.49,158.0,730.54,675.0,21.96,0.0,395.27,363.0,280.03,334.0,64.64,735.0,195.0,68.0,21.76,24.22,22.39,26.0,24.0,18.0,382.0,9.0,3.0
8477968,2025,Alex Nedeljkovic,SJS,G,5on5,25,67648.0,48.13,48.0,1121.0,39.81,60.0,147.72,131.0,581.8,532.0,16.69,0.0,316.02,293.0,227.36,267.0,45.95,605.0,151.0,43.0,17.72,18.53,11.88,23.0,19.0,6.0,322.0,9.0,3.0
8477968,2025,Alex Nedeljkovic,SJS,G,4on5,25,6461.0,12.93,14.0,175.0,8.63,8.0,21.37,22.0,98.22,91.0,0.24,0.0,57.79,51.0,29.85,39.0,12.25,96.0,23.0,15.0,2.78,3.0,7.16,1.0,3.0,10.0,41.0,0.0,0.0
8477968,2025,Alex Nedeljkovic,SJS,G,5on4,25,8523.0,2.17,2.0,32.0,1.09,2.0,3.6,1.0,21.72,26.0,4.24,0.0,6.24,4.0,14.26,19.0,2.16,18.0,8.0,2.0,0.59,1.04,0.54,1.0,1.0,0.0,4.0,0.0,0.0
8477424,2025,Juuse Saros,NSH,G,other,44,4212.0,9.45,13.0,136.0,6.04,4.0,15.88,10.0,80.69,79.0,1.59,0.0,45.02,34.0,29.86,48.0,9.09,66.0,36.0,7.0,2.64,4.3,2.51,1.0,11.0,1.0,27.0,0.0,0.0
8477424,2025,Juuse Saros,NSH,G,all,44,150942.0,121.03,134.0,2312.0,90.75,122.0,310.44,247.0,1309.41,1241.0,43.21,2.0,693.42,602.0,508.95,662.0,115.5,1306.0,343.0,119.0,38.67,42.93,39.42,49.0,58.0,27.0,544.0,2.0,1.0
8477424,2025,Juuse Saros,NSH,G,5on5,44,123491.0,86.14,101.0,1871.0,67.88,98.0,257.87,213.0,1035.36,976.0,34.96,2.0,551.68,484.0,407.84,509.0,82.99,1080.0,243.0,83.0,32.05,30.49,23.59,48.0,39.0,14.0,465.0,2.0,1.0
8477424,2025,Juuse Saros,NSH,G,4on5,44,11504.0,22.1,20.0,248.0,15.06,17.0,30.87,23.0,153.5,145.0,0.99,0.0,84.78,72.0,43.32,69.0,20.11,121.0,55.0,25.0,2.69,7.14,12.26,0.0,8.0,12.0,47.0,0.0,0.0
8477424,2025,Juuse Saros,NSH,G,5on4,44,11735.0,3.2,0.0,54.0,1.68,3.0,5.51,1.0,38.32,40.0,5.38,0.0,11.16,11.0,27.3,35.0,3.18,38.0,8.0,4.0,1.27,0.86,1.07,0.0,0.0,0.0,4.0,0.0,0.0
8477484,2025,Spencer Martin,NYR,G,other,6,478.0,0.79,0.0,10.0,0.44,0.0,1.52,1.0,6.87,7.0,0.28,0.0,3.67,3.0,2.36,5.0,0.77,5.0,3.0,1.0,0.22,0.31,0.27,0.0,0.0,0.0,1.0,0.0,0.0
8477484,2025,Spencer Martin,NYR,G,all,6,17439.0,15.86,20.0,293.0,11.6,20.0,39.98,16.0,160.55,147.0,5.06,1.0,84.9,78.0,60.0,84.0,14.8,151.0,47.0,20.0,4.81,5.57,5.49,9.0,7.0,4.0,75.0,0.0,0.0
8477484,2025,Spencer Martin,NYR,G,5on5,6,14173.0,9.56,14.0,231.0,8.06,12.0,31.26,13.0,120.39,110.0,3.8,1.0,65.87,64.0,47.0,63.0,9.14,129.0,28.0,9.0,3.99,3.28,2.29,8.0,4.0,2.0,65.0,0.0,0.0
8477484,2025,Spencer Martin,NYR,G,4on5,6,1524.0,4.67,5.0,45.0,2.82,7.0,6.45,2.0,28.26,26.0,0.13,0.0,14.14,11.0,7.9,12.0,4.05,15.0,14.0,8.0,0.54,1.65,2.47,1.0,2.0,2.0,8.0,0.0,0.0
8477484,2025,Spencer Martin,NYR,G,5on4,6,1264.0,0.85,1.0,7.0,0.28,1.0,0.75,0.0,5.02,4.0,0.85,0.0,1.23,0.0,2.75,4.0,0.84,2.0,2.0,2.0,0.05,0.33,0.47,0.0,1.0,0.0,1.0,0.0,0.0
8477967,2025,Thatcher Demko,VAN,G,other,20,2098.0,3.92,4.0,65.0,2.72,3.0,6.76,8.0,34.42,28.0,0.7,0.0,20.54,15.0,10.71,16.0,3.77,27.0,13.0,6.0,1.04,1.52,1.36,1.0,1.0,2.0,19.0,0.0,0.0
8477967,2025,Thatcher Demko,VAN,G,all,20,66952.0,55.98,54.0,1093.0,43.0,64.0,142.0,103.0,595.52,515.0,19.22,0.0,322.41,306.0,222.36,279.0,53.51,579.0,170.0,57.0,18.11,20.68,17.19,18.0,22.0,14.0,287.0,0.0,0.0
8477967,2025,Thatcher Demko,VAN,G,5on5,20,53987.0,38.05,37.0,863.0,30.91,43.0,114.48,81.0,459.13,403.0,14.97,0.0,249.52,250.0,179.72,217.0,36.7,474.0,120.0,34.0,14.5,14.32,9.24,14.0,16.0,7.0,235.0,0.0,0.0
8477967,2025,Thatcher Demko,VAN,G,4on5,20,5217.0,12.53,11.0,146.0,8.74,16.0,18.92,14.0,90.09,71.0,0.42,0.0,48.99,37.0,24.64,39.0,11.67,70.0,31.0,16.0,2.32,3.93,6.29,2.0,4.0,5.0,29.0,0.0,0.0
8477967,2025,Thatcher Demko,VAN,G,5on4,20,5650.0,1.38,2.0,18.0,0.58,2.0,1.74,0.0,11.09,13.0,3.1,0.0,3.04,4.0,6.89,6.0,1.28,8.0,5.0,1.0,0.25,0.82,0.31,1.0,1.0,0.0,4.0,0.0,0.0
8476999,2025,Linus Ullmark,OTT,G,other,30,3027.0,5.5,6.0,75.0,2.92,2.0,8.07,12.0,41.69,39.0,0.97,0.0,21.68,26.0,15.46,9.0,4.84,31.0,17.0,7.0,1.22,2.02,2.26,2.0,2.0,2.0,20.0,0.0,0.0
8476999,2025,Linus Ullmark,OTT,G,all,30,107151.0,67.49,85.0,1510.0,53.62,66.0,185.39,172.0,779.12,730.0,29.13,4.0,424.43,399.0,309.12,343.0,64.85,804.0,206.0,56.0,23.5,25.48,18.52,27.0,41.0,17.0,444.0,2.0,1.0
8476999,2025,Linus Ullmark,OTT,G,5on5,30,86491.0,46.2,56.0,1201.0,38.89,54.0,151.86,135.0,603.25,561.0,23.26,2.0,329.16,313.0,244.55,272.0,44.62,661.0,137.0,33.0,19.38,16.94,9.88,22.0,27.0,7.0,370.0,2.0,1.0
8476999,2025,Linus Ullmark,OTT,G,4on5,30,8077.0,12.57,21.0,188.0,10.05,9.0,21.26,22.0,107.55,101.0,0.55,0.0,63.43,50.0,33.36,42.0,12.24,90.0,41.0,13.0,2.11,4.94,5.52,3.0,11.0,7.0,44.0,0.0,0.0
8476999,2025,Linus Ullmark,OTT,G,5on4,30,9556.0,1.43,0.0,26.0,0.9,0.0,1.95,0.0,14.54,16.0,4.18,2.0,4.91,4.0,10.34,16.0,1.42,13.0,7.0,0.0,0.43,1.0,0.0,0.0,0.0,0.0,6.0,0.0,0.0
8482982,2025,Jet Greaves,CBJ,G,other,37,4215.0,12.76,9.0,129.0,5.34,10.0,13.74,7.0,72.71,56.0,1.87,1.0,38.66,39.0,23.13,31.0,10.07,50.0,27.0,19.0,2.31,3.4,7.05,3.0,4.0,2.0,33.0,0.0,0.0
8482982,2025,Jet Greaves,CBJ,G,all,37,131896.0,110.7,96.0,2217.0,81.41,118.0,290.77,247.0,1194.49,1067.0,40.7,2.0,644.14,596.0,461.78,567.0,103.02,1248.0,258.0,123.0,36.83,31.96,41.92,46.0,26.0,24.0,588.0,0.0,0.0
8482982,2025,Jet Greaves,CBJ,G,5on5,37,109268.0,73.3,67.0,1768.0,59.14,79.0,238.19,213.0,931.68,832.0,33.05,1.0,503.14,481.0,374.87,436.0,69.99,1023.0,184.0,73.0,29.28,22.92,21.1,40.0,17.0,10.0,488.0,0.0,0.0
8482982,2025,Jet Greaves,CBJ,G,4on5,37,9840.0,22.5,19.0,291.0,15.89,29.0,35.6,25.0,168.98,158.0,0.95,0.0,95.31,75.0,49.93,76.0,20.83,155.0,42.0,28.0,4.61,5.1,12.8,2.0,5.0,12.0,66.0,0.0,0.0
8482982,2025,Jet Greaves,CBJ,G,5on4,37,8573.0,1.88,1.0,26.0,0.87,0.0,2.93,2.0,19.02,19.0,4.68,0.0,6.04,1.0,12.65,21.0,1.86,19.0,3.0,3.0,0.58,0.33,0.96,1.0,0.0,0.0,1.0,0.0,0.0
8478406,2025,Mackenzie Blackwood,COL,G,other,22,1610.0,2.46,1.0,40.0,1.68,3.0,5.02,2.0,20.58,18.0,0.66,0.0,13.62,14.0,5.46,9.0,1.48,22.0,4.0,3.0,1.01,0.47,0.98,1.0,0.0,0.0,11.0,0.0,0.0
8478406,2025,Mackenzie Blackwood,COL,G,all,22,76933.0,58.7,48.0,1186.0,46.1,87.0,158.52,115.0,642.38,572.0,26.12,0.0,344.32,319.0,242.29,301.0,54.17,654.0,151.0,67.0,19.4,18.96,20.34,18.0,18.0,12.0,314.0,0.0,0.0
8478406,2025,Mackenzie Blackwood,COL,G,5on5,22,63286.0,42.66,34.0,936.0,33.05,65.0,127.88,93.0,503.33,445.0,21.37,0.0,267.56,246.0,196.8,245.0,40.24,523.0,119.0,43.0,15.01,15.27,12.39,12.0,15.0,7.0,251.0,0.0,0.0
8478406,2025,Mackenzie Blackwood,COL,G,4on5,22,6293.0,12.06,9.0,183.0,10.44,18.0,22.67,20.0,100.32,90.0,0.58,0.0,57.16,58.0,27.93,29.0,10.93,90.0,23.0,21.0,2.59,2.5,6.97,2.0,2.0,5.0,49.0,0.0,0.0
8478406,2025,Mackenzie Blackwood,COL,G,5on4,22,5744.0,1.32,3.0,24.0,0.78,1.0,2.52,0.0,15.87,16.0,3.49,0.0,4.87,1.0,11.04,16.0,1.32,17.0,4.0,0.0,0.68,0.64,0.0,2.0,1.0,0.0,3.0,0.0,0.0
8480843,2025,Lukas Dostal,ANA,G,other,38,3842.0,10.01,6.0,112.0,5.17,13.0,12.85,7.0,60.14,52.0,1.49,0.0,33.1,31.0,17.56,24.0,8.94,35.0,36.0,10.0,1.63,4.5,3.88,2.0,3.0,1.0,31.0,0.0,0.0
8480843,2025,Lukas Dostal,ANA,G,all,38,130609.0,109.58,106.0,2169.0,82.4,127.0,286.0,239.0,1173.27,1034.0,40.6,2.0,625.38,562.0,447.68,552.0,104.0,1152.0,334.0,105.0,36.25,39.97,33.36,41.0,44.0,21.0,578.0,4.0,2.0
8480843,2025,Lukas Dostal,ANA,G,5on5,38,106886.0,73.19,76.0,1721.0,60.2,86.0,232.8,198.0,920.11,803.0,32.26,1.0,489.69,448.0,362.45,436.0,70.28,953.0,238.0,58.0,29.87,28.24,15.08,36.0,33.0,7.0,472.0,4.0,2.0
8480843,2025,Lukas Dostal,ANA,G,4on5,38,10066.0,22.54,22.0,292.0,15.26,25.0,35.38,33.0,161.89,145.0,1.25,0.0,92.11,71.0,48.74,69.0,21.08,141.0,48.0,31.0,4.15,5.62,12.77,3.0,6.0,13.0,72.0,0.0,0.0
8480843,2025,Lukas Dostal,ANA,G,5on4,38,9815.0,2.4,1.0,32.0,1.17,1.0,3.35,1.0,22.6,27.0,5.38,1.0,7.17,10.0,15.19,17.0,2.36,19.0,8.0,3.0,0.47,1.17,0.76,0.0,1.0,0.0,2.0,0.0,0.0
8478009,2025,Ilya Sorokin,NYI,G,other,35,3652.0,8.78,11.0,106.0,4.75,9.0,9.85,8.0,54.53,51.0,1.1,1.0,32.87,29.0,14.63,16.0,7.96,41.0,19.0,13.0,1.46,2.45,4.87,4.0,2.0,5.0,33.0,2.0,1.0
8478009,2025,Ilya Sorokin,NYI,G,all,35,125464.0,112.83,85.0,2077.0,83.45,160.0,266.16,181.0,1123.64,1012.0,34.56,2.0,592.03,545.0,416.65,535.0,106.17,1055.0,312.0,142.0,32.79,38.84,41.21,34.0,33.0,18.0,568.0,2.0,1.0
8478009,2025,Ilya Sorokin,NYI,G,5on5,35,102583.0,79.21,57.0,1651.0,60.34,115.0,216.5,149.0,877.26,785.0,26.51,1.0,464.68,429.0,339.01,437.0,75.77,859.0,245.0,85.0,26.58,30.42,22.21,27.0,26.0,4.0,462.0,0.0,0.0
8478009,2025,Ilya Sorokin,NYI,G,4on5,35,9272.0,22.13,15.0,278.0,17.1,34.0,36.23,24.0,165.54,150.0,1.07,0.0,86.83,77.0,46.0,63.0,19.78,133.0,43.0,38.0,4.08,5.41,12.63,3.0,3.0,9.0,64.0,0.0,0.0
8478009,2025,Ilya Sorokin,NYI,G,5on4,35,9957.0,2.41,2.0,36.0,1.05,2.0,3.06,0.0,23.15,24.0,5.71,0.0,6.32,8.0,15.49,17.0,2.33,19.0,4.0,6.0,0.48,0.43,1.49,0.0,2.0,0.0,7.0,0.0,0.0
8478872,2025,Karel Vejmelka,UTA,G,other,44,4462.0,9.0,9.0,133.0,6.21,10.0,15.85,17.0,71.6,68.0,0.95,0.0,43.07,39.0,21.01,23.0,8.34,58.0,32.0,8.0,1.91,3.92,3.18,1.0,4.0,4.0,35.0,0.0,0.0
8478872,2025,Karel Vejmelka,UTA,G,all,44,155156.0,122.16,111.0,2429.0,90.16,150.0,314.41,271.0,1294.82,1131.0,45.85,3.0,684.17,621.0,495.1,596.0,116.41,1277.0,363.0,110.0,38.65,44.95,38.57,38.0,41.0,32.0,679.0,2.0,1.0
8478872,2025,Karel Vejmelka,UTA,G,5on5,44,126001.0,83.41,78.0,1858.0,61.74,101.0,246.95,212.0,975.89,851.0,36.97,2.0,506.25,458.0,387.02,468.0,79.82,977.0,271.0,70.0,30.22,33.68,19.51,31.0,33.0,14.0,540.0,2.0,1.0
8478872,2025,Karel Vejmelka,UTA,G,4on5,44,13022.0,27.67,24.0,395.0,20.99,36.0,47.28,40.0,219.71,189.0,0.98,0.0,126.06,116.0,68.36,82.0,26.2,216.0,51.0,31.0,5.62,6.37,15.68,6.0,4.0,14.0,97.0,0.0,0.0
8478872,2025,Karel Vejmelka,UTA,G,5on4,44,11671.0,2.02,0.0,42.0,1.17,3.0,4.21,2.0,26.92,22.0,6.88,1.0,8.4,8.0,18.35,22.0,1.99,25.0,9.0,1.0,0.84,0.98,0.2,0.0,0.0,0.0,7.0,0.0,0.0
8476434,2025,John Gibson,DET,G,other,37,3951.0,7.05,6.0,109.0,4.19,4.0,12.11,10.0,55.78,47.0,0.79,0.0,33.2,30.0,17.52,26.0,6.74,48.0,20.0,8.0,1.77,2.66,2.63,0.0,5.0,1.0,33.0,0.0,0.0
8476434,2025,John Gibson,DET,G,all,37,129311.0,102.1,94.0,2175.0,76.93,104.0,269.95,230.0,1120.88,978.0,37.52,4.0,608.4,540.0,435.45,561.0,97.93,1140.0,301.0,89.0,35.75,37.24,29.1,36.0,34.0,24.0,645.0,2.0,1.0
8476434,2025,John Gibson,DET,G,5on5,37,106117.0,73.19,68.0,1729.0,57.46,83.0,219.38,191.0,876.85,767.0,30.25,3.0,467.88,415.0,346.94,436.0,70.09,906.0,230.0,58.0,28.64,28.77,15.78,34.0,26.0,8.0,535.0,2.0,1.0
8476434,2025,John Gibson,DET,G,4on5,37,9237.0,19.36,17.0,291.0,13.6,16.0,33.99,26.0,161.02,129.0,0.63,0.0,97.47,88.0,52.42,75.0,18.67,162.0,38.0,22.0,4.63,4.33,10.41,1.0,1.0,15.0,69.0,0.0,0.0
8476434,2025,John Gibson,DET,G,5on4,37,10006.0,2.12,3.0,38.0,1.42,1.0,3.62,2.0,22.78,30.0,5.6,1.0,7.92,6.0,16.1,20.0,2.07,20.0,11.0,1.0,0.55,1.28,0.29,1.0,2.0,0.0,6.0,0.0,0.0
8483114,2025,Thomas Milic,WPG,G,other,3,120.0,0.4,0.0,4.0,0.14,1.0,0.69,0.0,2.41,1.0,0.05,0.0,0.85,0.0,0.83,2.0,0.38,1.0,1.0,1.0,0.08,0.09,0.23,0.0,0.0,0.0,1.0,0.0,0.0
8483114,2025,Thomas Milic,WPG,G,all,3,8318.0,6.17,8.0,129.0,4.49,8.0,17.15,14.0,70.37,62.0,1.71,1.0,37.12,34.0,27.75,31.0,5.93,69.0,18.0,8.0,2.14,2.04,1.98,4.0,4.0,0.0,34.0,2.0,1.0
8483114,2025,Thomas Milic,WPG,G,5on5,3,7118.0,5.09,8.0,105.0,3.77,7.0,14.92,13.0,60.45,55.0,1.51,1.0,32.42,29.0,23.76,25.0,4.87,62.0,13.0,7.0,1.87,1.47,1.75,4.0,4.0,0.0,23.0,2.0,1.0
8483114,2025,Thomas Milic,WPG,G,4on5,3,720.0,0.55,0.0,17.0,0.47,0.0,1.06,1.0,5.15,3.0,0.06,0.0,3.13,3.0,1.65,3.0,0.55,4.0,3.0,0.0,0.16,0.39,0.0,0.0,0.0,0.0,10.0,0.0,0.0
8483114,2025,Thomas Milic,WPG,G,5on4,3,360.0,0.13,0.0,3.0,0.1,0.0,0.47,0.0,2.36,3.0,0.09,0.0,0.72,2.0,1.51,1.0,0.13,2.0,1.0,0.0,0.04,0.09,0.0,0.0,0.0,0.0,0.0,0.0,0.0
8480280,2025,Jeremy Swayman,BOS,G,other,38,4802.0,17.37,11.0,189.0,8.88,15.0,21.48,19.0,109.3,100.0,1.56,0.0,64.61,64.0,28.67,36.0,14.85,68.0,59.0,18.0,2.97,7.43,6.97,3.0,3.0,5.0,44.0,0.0,0.0
8480280,2025,Jeremy Swayman,BOS,G,all,38,134558.0,125.2,109.0,2357.0,89.68,150.0,308.16,275.0,1258.87,1119.0,38.68,1.0,675.02,618.0,464.35,551.0,116.97,1212.0,362.0,132.0,36.65,45.78,42.77,41.0,37.0,31.0,651.0,11.0,4.0
8480280,2025,Jeremy Swayman,BOS,G,5on5,38,106751.0,76.91,59.0,1773.0,60.33,107.0,237.33,213.0,908.16,795.0,30.21,0.0,481.76,448.0,351.85,410.0,73.33,921.0,248.0,71.0,26.95,31.48,18.48,28.0,25.0,6.0,533.0,2.0,1.0
8480280,2025,Jeremy Swayman,BOS,G,4on5,38,13280.0,27.54,33.0,347.0,18.59,25.0,43.94,41.0,207.96,187.0,0.98,0.0,117.03,96.0,62.28,81.0,25.49,192.0,46.0,38.0,5.66,5.86,16.02,10.0,7.0,16.0,71.0,9.0,3.0
8480280,2025,Jeremy Swayman,BOS,G,5on4,38,9725.0,2.51,5.0,40.0,1.43,2.0,4.41,2.0,28.02,31.0,5.69,1.0,9.22,10.0,19.44,19.0,2.46,28.0,6.0,4.0,0.88,0.64,0.99,0.0,2.0,3.0,2.0,0.0,0.0
8476945,2025,Connor Hellebuyck,WPG,G,other,36,3039.0,10.78,13.0,111.0,5.14,11.0,12.67,3.0,62.1,56.0,1.06,0.0,32.82,29.0,18.49,26.0,9.04,45.0,22.0,15.0,1.69,2.79,6.3,5.0,3.0,5.0,29.0,0.0,0.0
8476945,2025,Connor Hellebuyck,WPG,G,all,36,129121.0,107.18,100.0,2041.0,79.54,135.0,264.6,189.0,1101.56,997.0,35.16,2.0,589.94,568.0,420.33,507.0,100.72,1087.0,289.0,123.0,33.19,35.6,38.39,39.0,37.0,24.0,542.0,2.0,1.0
8476945,2025,Connor Hellebuyck,WPG,G,5on5,36,106378.0,73.45,70.0,1615.0,58.88,103.0,216.01,150.0,859.76,787.0,27.66,1.0,459.74,455.0,337.42,397.0,70.65,887.0,211.0,77.0,26.62,26.43,20.4,28.0,32.0,10.0,440.0,2.0,1.0
8476945,2025,Connor Hellebuyck,WPG,G,4on5,36,10205.0,19.83,15.0,276.0,14.08,17.0,31.79,34.0,152.8,125.0,1.15,0.0,88.76,76.0,47.53,65.0,18.15,135.0,48.0,24.0,4.36,5.61,9.86,5.0,1.0,9.0,69.0,0.0,0.0
8476945,2025,Connor Hellebuyck,WPG,G,5on4,36,9499.0,2.49,0.0,31.0,1.15,3.0,3.15,2.0,22.15,25.0,5.28,1.0,6.76,6.0,14.83,18.0,2.3,18.0,5.0,6.0,0.42,0.49,1.58,0.0,0.0,0.0,2.0,0.0,0.0
8482123,2025,Drew Commesso,CHI,G,other,2,264.0,0.51,0.0,10.0,0.48,1.0,0.96,1.0,5.91,5.0,0.13,0.0,4.08,2.0,1.77,4.0,0.48,6.0,2.0,0.0,0.21,0.29,0.0,0.0,0.0,0.0,2.0,0.0,0.0
8482123,2025,Drew Commesso,CHI,G,all,2,7200.0,6.47,5.0,107.0,4.96,9.0,16.18,18.0,66.83,60.0,1.78,0.0,34.31,30.0,23.91,26.0,6.08,63.0,17.0,8.0,1.92,2.08,2.46,0.0,3.0,2.0,19.0,0.0,0.0
8482123,2025,Drew Commesso,CHI,G,5on5,2,5588.0,4.88,5.0,83.0,3.49,7.0,13.5,14.0,51.47,47.0,1.36,0.0,25.62,25.0,18.84,17.0,4.57,50.0,13.0,5.0,1.57,1.58,1.73,0.0,3.0,2.0,15.0,0.0,0.0
8482123,2025,Drew Commesso,CHI,G,4on5,2,685.0,0.99,0.0,12.0,0.94,1.0,1.53,3.0,7.92,7.0,0.03,0.0,4.2,2.0,2.11,4.0,0.94,5.0,2.0,3.0,0.05,0.2,0.73,0.0,0.0,0.0,2.0,0.0,0.0
8482123,2025,Drew Commesso,CHI,G,5on4,2,663.0,0.09,0.0,2.0,0.07,0.0,0.2,0.0,1.53,1.0,0.27,0.0,0.41,1.0,1.19,1.0,0.09,2.0,0.0,0.0,0.09,0.0,0.0,0.0,0.0,0.0,0.0,0.0,0.0
8478470,2025,Samuel Montembeault,MTL,G,other,23,2862.0,6.94,6.0,81.0,2.87,3.0,8.01,8.0,42.26,39.0,1.32,0.0,23.09,20.0,13.68,19.0,6.23,28.0,20.0,8.0,1.42,2.24,3.29,1.0,2.0,3.0,25.0,0.0,0.0
8478470,2025,Samuel Montembeault,MTL,G,all,23,77516.0,68.89,72.0,1257.0,46.16,83.0,155.42,125.0,657.49,576.0,20.46,0.0,343.49,325.0,243.32,273.0,63.64,608.0,191.0,80.0,18.7,23.25,26.93,29.0,21.0,22.0,378.0,0.0,0.0
8478470,2025,Samuel Montembeault,MTL,G,5on5,23,60842.0,42.51,49.0,946.0,31.74,59.0,121.13,91.0,485.7,423.0,14.91,0.0,252.86,247.0,187.81,205.0,40.18,480.0,131.0,41.0,14.94,16.22,11.35,25.0,15.0,9.0,294.0,0.0,0.0
8478470,2025,Samuel Montembeault,MTL,G,4on5,23,6700.0,18.3,16.0,210.0,10.97,21.0,24.61,24.0,118.45,104.0,0.6,0.0,64.05,56.0,34.06,39.0,16.1,89.0,38.0,29.0,2.05,4.53,11.71,3.0,4.0,9.0,54.0,0.0,0.0
8478470,2025,Samuel Montembeault,MTL,G,5on4,23,7112.0,1.14,1.0,20.0,0.57,0.0,1.67,2.0,11.08,10.0,3.62,0.0,3.49,2.0,7.77,10.0,1.14,11.0,2.0,2.0,0.3,0.26,0.57,0.0,0.0,1.0,5.0,0.0,0.0
8480051,2025,Cayden Primeau,TOR,G,other,3,269.0,0.41,0.0,9.0,0.24,0.0,0.68,0.0,3.74,2.0,0.02,0.0,1.75,4.0,1.82,1.0,0.38,4.0,1.0,0.0,0.23,0.17,0.0,0.0,0.0,0.0,4.0,0.0,0.0
8480051,2025,Cayden Primeau,TOR,G,all,3,10888.0,5.61,13.0,186.0,5.88,6.0,20.64,17.0,84.89,80.0,3.35,0.0,46.18,44.0,34.05,35.0,5.54,98.0,15.0,2.0,2.63,2.01,0.98,7.0,4.0,2.0,71.0,0.0,0.0
8480051,2025,Cayden Primeau,TOR,G,5on5,3,9096.0,4.22,12.0,153.0,4.42,5.0,17.24,14.0,68.42,65.0,2.76,0.0,36.98,33.0,27.97,29.0,4.17,78.0,14.0,1.0,2.12,1.84,0.26,7.0,4.0,1.0,60.0,0.0,0.0
8480051,2025,Cayden Primeau,TOR,G,4on5,3,782.0,0.92,1.0,22.0,1.17,1.0,2.58,3.0,12.03,12.0,0.04,0.0,7.1,7.0,3.87,4.0,0.92,15.0,0.0,1.0,0.21,0.0,0.71,0.0,0.0,1.0,6.0,0.0,0.0
8480051,2025,Cayden Primeau,TOR,G,5on4,3,741.0,0.0,0.0,0.0,0.0,0.0,0.0,0.0,0.0,0.0,0.5,0.0,0.0,0.0,0.0,0.0,0.0,0.0,0.0,0.0,0.0,0.0,0.0,0.0,0.0,0.0,0.0,0.0,0.0
8471734,2025,Jonathan Quick,NYR,G,other,20,1592.0,4.29,4.0,37.0,1.56,5.0,4.37,0.0,22.38,20.0,0.91,0.0,11.84,11.0,7.13,10.0,2.98,15.0,9.0,6.0,0.46,1.14,2.69,0.0,1.0,3.0,7.0,0.0,0.0
8471734,2025,Jonathan Quick,NYR,G,all,20,67359.0,52.72,58.0,1107.0,41.37,64.0,143.67,90.0,597.37,528.0,17.98,0.0,325.88,304.0,232.33,300.0,49.72,616.0,153.0,47.0,17.73,19.03,15.96,18.0,25.0,15.0,291.0,4.0,2.0
8471734,2025,Jonathan Quick,NYR,G,5on5,20,56699.0,39.1,47.0,917.0,31.35,45.0,120.21,76.0,482.86,420.0,14.35,0.0,261.57,242.0,192.69,251.0,37.87,504.0,125.0,32.0,14.82,15.61,8.67,17.0,22.0,8.0,256.0,4.0,2.0
8471734,2025,Jonathan Quick,NYR,G,4on5,20,4842.0,8.69,6.0,139.0,8.01,13.0,17.74,13.0,83.29,77.0,0.33,0.0,49.51,51.0,26.2,30.0,8.24,87.0,18.0,8.0,2.14,2.16,4.39,0.0,2.0,4.0,26.0,0.0,0.0
8471734,2025,Jonathan Quick,NYR,G,5on4,20,4226.0,0.64,1.0,14.0,0.45,1.0,1.34,1.0,8.83,11.0,2.39,0.0,2.96,0.0,6.31,9.0,0.64,10.0,1.0,1.0,0.31,0.12,0.21,1.0,0.0,0.0,2.0,0.0,0.0
8484268,2025,Nikita Tolopilo,VAN,G,other,9,1609.0,3.0,4.0,43.0,1.88,1.0,5.31,2.0,25.05,18.0,0.72,0.0,15.62,21.0,8.18,7.0,2.8,25.0,7.0,3.0,1.01,0.9,1.09,0.0,2.0,2.0,8.0,0.0,0.0
8484268,2025,Nikita Tolopilo,VAN,G,all,9,29614.0,28.51,25.0,553.0,22.04,35.0,76.52,55.0,318.8,277.0,8.61,0.0,170.87,160.0,122.21,155.0,27.39,323.0,80.0,28.0,10.54,9.45,8.52,7.0,12.0,6.0,122.0,0.0,0.0
8484268,2025,Nikita Tolopilo,VAN,G,5on5,9,23725.0,21.51,16.0,443.0,16.06,26.0,61.61,46.0,250.22,221.0,6.42,0.0,132.52,125.0,99.9,126.0,20.66,260.0,58.0,22.0,8.63,6.94,5.93,7.0,7.0,2.0,103.0,0.0,0.0
8484268,2025,Nikita Tolopilo,VAN,G,4on5,9,2205.0,3.74,5.0,60.0,3.86,8.0,8.86,7.0,39.48,34.0,0.18,0.0,21.13,10.0,11.1,20.0,3.68,34.0,13.0,3.0,0.82,1.43,1.49,0.0,3.0,2.0,10.0,0.0,0.0
8484268,2025,Nikita Tolopilo,VAN,G,5on4,9,2075.0,0.26,0.0,7.0,0.23,0.0,0.73,0.0,4.04,4.0,1.29,0.0,1.59,4.0,3.03,2.0,0.26,4.0,2.0,0.0,0.08,0.17,0.0,0.0,0.0,0.0,1.0,0.0,0.0
8475717,2025,Calvin Pickard,EDM,G,other,16,1288.0,1.95,1.0,36.0,1.25,3.0,3.64,4.0,16.0,12.0,0.67,0.0,10.14,10.0,4.37,4.0,1.88,18.0,2.0,2.0,0.64,0.33,0.98,0.0,0.0,1.0,14.0,0.0,0.0
8475717,2025,Calvin Pickard,EDM,G,all,16,51848.0,49.46,53.0,822.0,31.53,47.0,105.42,72.0,451.71,410.0,14.63,1.0,239.25,221.0,171.25,217.0,45.74,424.0,136.0,52.0,13.47,17.03,18.96,17.0,19.0,17.0,210.0,0.0,0.0
8475717,2025,Calvin Pickard,EDM,G,5on5,16,43417.0,33.26,40.0,658.0,23.94,35.0,87.22,61.0,359.57,326.0,11.11,1.0,193.3,175.0,142.4,180.0,31.67,362.0,98.0,32.0,11.48,12.25,9.54,15.0,13.0,12.0,166.0,0.0,0.0
8475717,2025,Calvin Pickard,EDM,G,4on5,16,3528.0,12.75,8.0,110.0,5.61,9.0,12.8,6.0,63.56,57.0,0.36,0.0,31.96,32.0,16.65,26.0,10.67,36.0,29.0,17.0,1.15,3.44,8.16,2.0,3.0,3.0,28.0,0.0,0.0
8475717,2025,Calvin Pickard,EDM,G,5on4,16,3615.0,1.15,2.0,15.0,0.55,0.0,1.33,1.0,10.16,12.0,2.36,0.0,2.94,4.0,6.76,6.0,1.15,7.0,5.0,1.0,0.15,0.71,0.29,0.0,1.0,1.0,2.0,0.0,0.0
8477992,2025,Jonas Johansson,TBL,G,other,19,2242.0,3.75,6.0,70.0,2.58,1.0,6.69,5.0,34.23,29.0,0.7,0.0,20.02,20.0,11.78,14.0,3.25,32.0,10.0,4.0,1.45,1.31,1.0,2.0,2.0,2.0,24.0,0.0,0.0
8477992,2025,Jonas Johansson,TBL,G,all,19,65463.0,50.69,53.0,992.0,36.39,54.0,134.81,112.0,546.18,483.0,19.02,1.0,291.93,250.0,206.58,270.0,47.23,548.0,141.0,50.0,16.79,16.76,17.15,23.0,18.0,12.0,253.0,0.0,0.0
8477992,2025,Jonas Johansson,TBL,G,5on5,19,52800.0,33.08,35.0,773.0,26.25,43.0,109.28,93.0,420.13,377.0,14.75,1.0,222.93,184.0,164.23,215.0,31.71,443.0,99.0,28.0,13.12,11.72,8.24,20.0,13.0,2.0,203.0,0.0,0.0
8477992,2025,Jonas Johansson,TBL,G,4on5,19,5341.0,12.77,11.0,134.0,7.02,10.0,17.18,12.0,81.17,66.0,0.41,0.0,45.81,45.0,23.38,31.0,11.19,63.0,30.0,16.0,1.84,3.55,7.38,0.0,3.0,8.0,25.0,0.0,0.0
8477992,2025,Jonas Johansson,TBL,G,5on4,19,5080.0,1.09,1.0,15.0,0.54,0.0,1.66,2.0,10.65,11.0,3.17,0.0,3.17,1.0,7.2,10.0,1.09,10.0,2.0,2.0,0.38,0.18,0.53,1.0,0.0,0.0,1.0,0.0,0.0
8477990,2025,Brandon Halverson,TBL,G,other,1,0.0,0.0,0.0,0.0,0.0,0.0,0.0,0.0,0.0,0.0,0.0,0.0,0.0,0.0,0.0,0.0,0.0,0.0,0.0,0.0,0.0,0.0,0.0,0.0,0.0,0.0,0.0,0.0,0.0
8477990,2025,Brandon Halverson,TBL,G,all,1,6.0,0.0,0.0,0.0,0.0,0.0,0.0,0.0,0.0,0.0,0.0,0.0,0.0,0.0,0.0,0.0,0.0,0.0,0.0,0.0,0.0,0.0,0.0,0.0,0.0,0.0,0.0,0.0,0.0
8477990,2025,Brandon Halverson,TBL,G,5on5,1,6.0,0.0,0.0,0.0,0.0,0.0,0.0,0.0,0.0,0.0,0.0,0.0,0.0,0.0,0.0,0.0,0.0,0.0,0.0,0.0,0.0,0.0,0.0,0.0,0.0,0.0,0.0,0.0,0.0
8477990,2025,Brandon Halverson,TBL,G,4on5,1,0.0,0.0,0.0,0.0,0.0,0.0,0.0,0.0,0.0,0.0,0.0,0.0,0.0,0.0,0.0,0.0,0.0,0.0,0.0,0.0,0.0,0.0,0.0,0.0,0.0,0.0,0.0,0.0,0.0
8477990,2025,Brandon Halverson,TBL,G,5on4,1,0.0,0.0,0.0,0.0,0.0,0.0,0.0,0.0,0.0,0.0,0.0,0.0,0.0,0.0,0.0,0.0,0.0,0.0,0.0,0.0,0.0,0.0,0.0,0.0,0.0,0.0,0.0,0.0,0.0
8482445,2025,Devin Cooley,CGY,G,other,19,2761.0,7.27,2.0,78.0,3.52,6.0,9.27,9.0,47.17,41.0,0.48,0.0,24.15,22.0,15.32,22.0,6.23,35.0,18.0,8.0,1.67,2.68,2.94,0.0,1.0,1.0,17.0,0.0,0.0
8482445,2025,Devin Cooley,CGY,G,all,19,63532.0,53.63,40.0,1048.0,39.46,76.0,134.44,103.0,562.68,509.0,18.42,1.0,297.69,261.0,220.05,282.0,50.49,551.0,158.0,55.0,17.22,19.84,16.57,19.0,11.0,10.0,284.0,2.0,1.0
8482445,2025,Devin Cooley,CGY,G,5on5,19,51375.0,35.98,32.0,807.0,27.53,58.0,104.54,79.0,419.08,378.0,15.46,1.0,219.99,192.0,168.91,208.0,34.58,427.0,107.0,37.0,12.71,13.14,10.13,17.0,10.0,5.0,236.0,2.0,1.0
8482445,2025,Devin Cooley,CGY,G,4on5,19,5135.0,8.8,5.0,146.0,7.69,11.0,18.93,13.0,84.06,78.0,0.48,0.0,49.57,46.0,27.19,40.0,8.14,79.0,28.0,8.0,2.52,3.31,2.97,2.0,0.0,3.0,31.0,0.0,0.0
8482445,2025,Devin Cooley,CGY,G,5on4,19,4261.0,1.58,1.0,17.0,0.72,1.0,1.7,2.0,12.38,12.0,2.0,0.0,3.99,1.0,8.63,12.0,1.55,10.0,5.0,2.0,0.33,0.72,0.53,0.0,0.0,1.0,0.0,0.0,0.0
8473503,2025,James Reimer,OTT,G,other,7,563.0,1.52,3.0,21.0,0.98,1.0,2.21,2.0,10.89,11.0,0.1,0.0,7.3,5.0,3.58,5.0,1.49,13.0,2.0,1.0,0.64,0.29,0.59,3.0,0.0,0.0,5.0,0.0,0.0
8473503,2025,James Reimer,OTT,G,all,7,24864.0,18.25,20.0,364.0,13.42,24.0,47.72,38.0,191.23,154.0,6.63,0.0,104.56,92.0,74.47,91.0,16.93,202.0,44.0,19.0,6.35,5.34,6.56,8.0,10.0,2.0,99.0,0.0,0.0
8473503,2025,James Reimer,OTT,G,5on5,7,20558.0,11.65,12.0,296.0,9.86,16.0,40.01,26.0,151.34,116.0,5.45,0.0,82.89,80.0,61.3,77.0,11.02,171.0,29.0,11.0,4.78,3.61,3.26,4.0,7.0,1.0,85.0,0.0,0.0
8473503,2025,James Reimer,OTT,G,4on5,7,1752.0,4.77,5.0,41.0,2.38,6.0,4.97,10.0,25.09,26.0,0.1,0.0,13.18,7.0,6.93,5.0,4.1,14.0,12.0,7.0,0.72,1.34,2.71,1.0,3.0,1.0,8.0,0.0,0.0
8473503,2025,James Reimer,OTT,G,5on4,7,1991.0,0.32,0.0,6.0,0.2,1.0,0.53,0.0,3.9,1.0,0.98,0.0,1.18,0.0,2.66,4.0,0.32,4.0,1.0,0.0,0.21,0.1,0.0,0.0,0.0,0.0,1.0,0.0,0.0
8482783,2025,Aleksei Kolosov,PHI,G,other,4,63.0,0.0,0.0,0.0,0.0,0.0,0.0,0.0,0.0,0.0,0.0,0.0,0.0,0.0,0.0,0.0,0.0,0.0,0.0,0.0,0.0,0.0,0.0,0.0,0.0,0.0,0.0,0.0,0.0
8482783,2025,Aleksei Kolosov,PHI,G,all,4,7201.0,3.97,8.0,95.0,3.53,3.0,11.91,12.0,49.16,47.0,2.19,0.0,27.53,24.0,18.45,20.0,3.68,53.0,10.0,4.0,1.6,1.17,1.2,3.0,4.0,1.0,28.0,0.0,0.0
8482783,2025,Aleksei Kolosov,PHI,G,5on5,4,6097.0,3.27,7.0,77.0,2.41,2.0,9.46,9.0,37.66,40.0,1.98,0.0,19.37,13.0,14.36,19.0,3.08,37.0,9.0,4.0,1.03,1.04,1.2,3.0,3.0,1.0,27.0,0.0,0.0
8482783,2025,Aleksei Kolosov,PHI,G,4on5,4,435.0,0.63,1.0,17.0,1.09,1.0,2.33,2.0,10.71,6.0,0.02,0.0,7.99,11.0,3.52,1.0,0.53,15.0,1.0,0.0,0.5,0.13,0.0,0.0,1.0,0.0,1.0,0.0,0.0
8482783,2025,Aleksei Kolosov,PHI,G,5on4,4,606.0,0.07,0.0,1.0,0.03,0.0,0.13,1.0,0.8,1.0,0.18,0.0,0.18,0.0,0.57,0.0,0.07,1.0,0.0,0.0,0.07,0.0,0.0,0.0,0.0,0.0,0.0,0.0,0.0
8482515,2025,Artur Akhtyamov,TOR,G,other,1,0.0,0.0,0.0,0.0,0.0,0.0,0.0,0.0,0.0,0.0,0.0,0.0,0.0,0.0,0.0,0.0,0.0,0.0,0.0,0.0,0.0,0.0,0.0,0.0,0.0,0.0,0.0,0.0,0.0
8482515,2025,Artur Akhtyamov,TOR,G,all,1,632.0,0.29,0.0,11.0,0.27,0.0,1.68,1.0,6.25,5.0,0.21,0.0,2.9,1.0,2.67,6.0,0.29,7.0,1.0,0.0,0.21,0.09,0.0,0.0,0.0,0.0,3.0,0.0,0.0
8482515,2025,Artur Akhtyamov,TOR,G,5on5,1,632.0,0.29,0.0,11.0,0.27,0.0,1.68,1.0,6.25,5.0,0.21,0.0,2.9,1.0,2.67,6.0,0.29,7.0,1.0,0.0,0.21,0.09,0.0,0.0,0.0,0.0,3.0,0.0,0.0
8482515,2025,Artur Akhtyamov,TOR,G,4on5,1,0.0,0.0,0.0,0.0,0.0,0.0,0.0,0.0,0.0,0.0,0.0,0.0,0.0,0.0,0.0,0.0,0.0,0.0,0.0,0.0,0.0,0.0,0.0,0.0,0.0,0.0,0.0,0.0,0.0
8482515,2025,Artur Akhtyamov,TOR,G,5on4,1,0.0,0.0,0.0,0.0,0.0,0.0,0.0,0.0,0.0,0.0,0.0,0.0,0.0,0.0,0.0,0.0,0.0,0.0,0.0,0.0,0.0,0.0,0.0,0.0,0.0,0.0,0.0,0.0,0.0
8483703,2025,Sergei Murashov,PIT,G,other,5,229.0,0.35,2.0,8.0,0.34,0.0,1.09,0.0,5.55,6.0,0.18,0.0,3.39,1.0,2.65,5.0,0.35,7.0,1.0,0.0,0.24,0.11,0.0,2.0,0.0,0.0,0.0,0.0,0.0
8483703,2025,Sergei Murashov,PIT,G,all,5,16877.0,8.48,12.0,266.0,10.29,9.0,33.81,31.0,137.84,116.0,4.58,0.0,79.97,67.0,56.75,75.0,8.29,170.0,15.0,9.0,4.15,1.83,2.5,7.0,3.0,2.0,72.0,0.0,0.0
8483703,2025,Sergei Murashov,PIT,G,5on5,5,13895.0,6.76,8.0,205.0,6.64,6.0,25.92,24.0,100.18,84.0,3.67,0.0,56.34,49.0,42.88,55.0,6.65,122.0,14.0,6.0,3.46,1.72,1.58,5.0,3.0,0.0,63.0,0.0,0.0
8483703,2025,Sergei Murashov,PIT,G,4on5,5,1701.0,1.14,2.0,51.0,3.22,3.0,6.57,7.0,30.5,25.0,0.16,0.0,19.79,16.0,10.25,14.0,1.06,40.0,0.0,2.0,0.44,0.0,0.7,0.0,0.0,2.0,9.0,0.0,0.0
8483703,2025,Sergei Murashov,PIT,G,5on4,5,1052.0,0.23,0.0,2.0,0.09,0.0,0.23,0.0,1.61,1.0,0.58,0.0,0.44,1.0,0.96,1.0,0.23,1.0,0.0,1.0,0.01,0.0,0.22,0.0,0.0,0.0,0.0,0.0,0.0
8482761,2025,Carl Lindbom,VGK,G,other,8,715.0,0.84,2.0,20.0,0.97,0.0,2.34,4.0,12.35,10.0,0.14,0.0,6.77,4.0,4.7,6.0,0.83,12.0,4.0,0.0,0.4,0.43,0.0,0.0,2.0,0.0,4.0,0.0,0.0
8482761,2025,Carl Lindbom,VGK,G,all,8,28840.0,19.84,24.0,430.0,15.72,21.0,54.69,41.0,225.19,189.0,7.63,0.0,121.22,110.0,85.78,109.0,19.25,236.0,51.0,18.0,7.57,6.09,6.17,9.0,7.0,8.0,125.0,0.0,0.0
8482761,2025,Carl Lindbom,VGK,G,5on5,8,23134.0,13.29,18.0,322.0,10.79,17.0,41.74,27.0,165.59,138.0,6.0,0.0,88.35,83.0,65.06,80.0,12.89,177.0,36.0,12.0,5.59,4.25,3.44,9.0,5.0,4.0,97.0,0.0,0.0
8482761,2025,Carl Lindbom,VGK,G,4on5,8,2504.0,5.19,4.0,80.0,3.67,4.0,9.79,10.0,42.07,37.0,0.09,0.0,24.59,23.0,12.29,16.0,5.02,42.0,9.0,6.0,1.42,1.05,2.73,0.0,0.0,4.0,23.0,0.0,0.0
8482761,2025,Carl Lindbom,VGK,G,5on4,8,2487.0,0.52,0.0,8.0,0.29,0.0,0.82,0.0,5.18,4.0,1.4,0.0,1.5,0.0,3.72,7.0,0.51,5.0,2.0,0.0,0.16,0.36,0.0,0.0,0.0,0.0,1.0,0.0,0.0
8480313,2025,Logan Thompson,WSH,G,other,39,3717.0,6.81,3.0,97.0,3.62,4.0,10.01,6.0,50.42,43.0,1.79,0.0,27.44,25.0,16.46,28.0,6.43,32.0,26.0,8.0,1.21,3.14,2.46,0.0,2.0,1.0,31.0,0.0,0.0
8480313,2025,Logan Thompson,WSH,G,all,39,138262.0,112.41,94.0,2278.0,82.13,143.0,291.96,201.0,1209.92,1070.0,41.42,2.0,632.96,587.0,464.93,598.0,107.65,1172.0,330.0,123.0,36.12,40.44,35.85,34.0,35.0,25.0,653.0,0.0,0.0
8480313,2025,Logan Thompson,WSH,G,5on5,39,112442.0,83.01,65.0,1778.0,59.85,115.0,233.18,165.0,933.75,823.0,32.12,1.0,483.19,446.0,365.59,464.0,79.87,921.0,247.0,88.0,28.89,30.52,23.6,26.0,26.0,13.0,522.0,0.0,0.0
8480313,2025,Logan Thompson,WSH,G,4on5,39,11335.0,20.37,21.0,358.0,17.4,21.0,43.42,26.0,194.53,169.0,0.9,0.0,112.06,110.0,60.98,82.0,19.21,185.0,52.0,24.0,5.28,6.33,8.75,5.0,6.0,10.0,97.0,0.0,0.0
8480313,2025,Logan Thompson,WSH,G,5on4,39,10768.0,2.1,5.0,41.0,1.16,3.0,4.92,3.0,28.94,32.0,6.52,1.0,9.24,5.0,20.66,23.0,2.01,32.0,4.0,3.0,0.69,0.36,1.04,3.0,1.0,1.0,2.0,0.0,0.0
8481611,2025,Pyotr Kochetkov,CAR,G,other,9,545.0,0.88,0.0,17.0,0.63,2.0,2.63,3.0,8.8,4.0,0.16,0.0,4.87,4.0,2.6,3.0,0.73,7.0,4.0,1.0,0.14,0.49,0.24,0.0,0.0,0.0,5.0,0.0,0.0
8481611,2025,Pyotr Kochetkov,CAR,G,all,9,29409.0,18.97,19.0,368.0,13.69,25.0,48.58,43.0,202.59,189.0,9.98,2.0,109.16,85.0,80.64,106.0,18.14,204.0,55.0,19.0,5.89,6.71,6.37,3.0,10.0,6.0,90.0,0.0,0.0
8481611,2025,Pyotr Kochetkov,CAR,G,5on5,9,24727.0,12.81,15.0,288.0,10.39,19.0,38.95,36.0,158.62,146.0,8.31,2.0,86.33,64.0,64.2,84.0,12.42,171.0,35.0,12.0,4.88,4.34,3.59,3.0,8.0,4.0,70.0,0.0,0.0
8481611,2025,Pyotr Kochetkov,CAR,G,4on5,9,1936.0,4.05,3.0,47.0,2.1,4.0,4.92,4.0,24.1,27.0,0.19,0.0,14.0,15.0,7.08,7.0,3.77,17.0,11.0,5.0,0.53,1.28,2.24,0.0,1.0,2.0,14.0,0.0,0.0
8481611,2025,Pyotr Kochetkov,CAR,G,5on4,9,2201.0,1.04,1.0,12.0,0.46,0.0,1.61,0.0,8.74,11.0,1.16,0.0,3.02,1.0,5.55,10.0,1.03,7.0,4.0,1.0,0.26,0.48,0.29,0.0,1.0,0.0,0.0,0.0,0.0
8482447,2025,Leevi Merilinen,OTT,G,other,20,2016.0,3.34,2.0,42.0,2.27,8.0,5.67,5.0,26.11,20.0,0.84,0.0,16.06,13.0,6.61,7.0,2.58,21.0,10.0,4.0,0.85,1.26,1.23,1.0,1.0,0.0,7.0,0.0,0.0
8482447,2025,Leevi Merilinen,OTT,G,all,20,65669.0,46.7,64.0,931.0,34.83,64.0,117.15,94.0,490.6,457.0,19.92,1.0,261.87,235.0,189.05,209.0,44.23,489.0,126.0,51.0,14.03,15.7,16.98,23.0,23.0,18.0,265.0,0.0,0.0
8482447,2025,Leevi Merilinen,OTT,G,5on5,20,52608.0,32.95,46.0,745.0,26.2,52.0,95.97,74.0,385.26,351.0,15.28,0.0,202.7,183.0,152.31,168.0,31.57,390.0,101.0,32.0,10.96,12.48,9.52,20.0,17.0,9.0,222.0,0.0,0.0
8482447,2025,Leevi Merilinen,OTT,G,4on5,20,5075.0,9.36,14.0,124.0,5.69,4.0,13.43,14.0,65.85,71.0,0.48,0.0,38.68,35.0,20.8,23.0,9.03,63.0,13.0,14.0,1.67,1.67,6.01,1.0,4.0,9.0,34.0,0.0,0.0
8482447,2025,Leevi Merilinen,OTT,G,5on4,20,5970.0,1.05,2.0,20.0,0.68,0.0,2.08,1.0,13.38,15.0,3.31,1.0,4.43,4.0,9.33,11.0,1.04,15.0,2.0,1.0,0.54,0.29,0.22,1.0,1.0,0.0,2.0,0.0,0.0
8482411,2025,Hunter Shepard,OTT,G,other,1,30.0,0.0,0.0,0.0,0.0,0.0,0.0,0.0,0.0,0.0,0.05,0.0,0.0,0.0,0.0,0.0,0.0,0.0,0.0,0.0,0.0,0.0,0.0,0.0,0.0,0.0,0.0,0.0,0.0
8482411,2025,Hunter Shepard,OTT,G,all,1,2147.0,0.74,2.0,28.0,0.88,0.0,3.09,4.0,12.54,12.0,0.72,0.0,7.36,5.0,5.47,7.0,0.74,14.0,4.0,0.0,0.29,0.45,0.0,1.0,1.0,0.0,10.0,0.0,0.0
8482411,2025,Hunter Shepard,OTT,G,5on5,1,1382.0,0.62,1.0,17.0,0.61,0.0,2.47,3.0,9.21,9.0,0.45,0.0,4.99,3.0,3.96,6.0,0.62,10.0,3.0,0.0,0.25,0.37,0.0,1.0,0.0,0.0,4.0,0.0,0.0
8482411,2025,Hunter Shepard,OTT,G,4on5,1,450.0,0.04,0.0,10.0,0.25,0.0,0.52,1.0,2.57,2.0,0.04,0.0,2.16,2.0,0.94,1.0,0.04,4.0,0.0,0.0,0.04,0.0,0.0,0.0,0.0,0.0,6.0,0.0,0.0
8482411,2025,Hunter Shepard,OTT,G,5on4,1,285.0,0.09,1.0,1.0,0.02,0.0,0.11,0.0,0.77,1.0,0.19,0.0,0.21,0.0,0.56,0.0,0.09,0.0,1.0,0.0,0.0,0.09,0.0,0.0,1.0,0.0,0.0,0.0,0.0
8476932,2025,Anthony Stolarz,TOR,G,other,16,1491.0,2.02,1.0,40.0,1.51,3.0,3.81,4.0,17.18,15.0,0.37,0.0,11.21,11.0,4.72,5.0,1.8,15.0,8.0,1.0,0.65,1.04,0.33,0.0,1.0,0.0,16.0,0.0,0.0
8476932,2025,Anthony Stolarz,TOR,G,all,16,52687.0,39.46,52.0,867.0,33.3,44.0,111.23,95.0,463.73,440.0,13.9,1.0,258.74,222.0,181.62,226.0,38.07,503.0,101.0,36.0,14.42,12.4,12.64,21.0,19.0,12.0,227.0,0.0,0.0
8476932,2025,Anthony Stolarz,TOR,G,5on5,16,43955.0,30.06,40.0,691.0,24.57,31.0,90.97,76.0,369.19,348.0,11.08,1.0,204.1,179.0,149.03,185.0,29.31,401.0,82.0,28.0,11.66,9.99,8.41,17.0,16.0,7.0,180.0,0.0,0.0
8476932,2025,Anthony Stolarz,TOR,G,4on5,16,3966.0,6.09,8.0,119.0,6.51,9.0,14.57,13.0,64.88,62.0,0.35,0.0,38.7,29.0,19.93,28.0,5.73,74.0,8.0,6.0,1.62,0.97,3.49,3.0,0.0,5.0,31.0,0.0,0.0
8476932,2025,Anthony Stolarz,TOR,G,5on4,16,3275.0,0.93,2.0,13.0,0.47,1.0,1.41,1.0,9.43,11.0,2.07,0.0,3.16,1.0,6.71,8.0,0.9,11.0,1.0,1.0,0.38,0.14,0.41,1.0,1.0,0.0,0.0,0.0,0.0
8475831,2025,Philipp Grubauer,SEA,G,other,22,2077.0,4.33,5.0,60.0,2.82,3.0,7.14,9.0,37.21,36.0,1.16,0.0,20.53,19.0,13.94,14.0,4.12,29.0,16.0,5.0,1.31,1.89,1.13,2.0,1.0,2.0,10.0,0.0,0.0
8475831,2025,Philipp Grubauer,SEA,G,all,22,74208.0,60.8,50.0,1306.0,48.17,82.0,163.68,113.0,672.48,598.0,20.56,1.0,369.34,361.0,261.98,320.0,57.61,712.0,146.0,70.0,20.78,18.4,21.62,18.0,13.0,19.0,378.0,0.0,0.0
8475831,2025,Philipp Grubauer,SEA,G,5on5,22,62077.0,45.03,31.0,1072.0,36.34,68.0,135.32,87.0,534.15,471.0,16.72,1.0,290.39,284.0,213.55,268.0,42.99,578.0,110.0,52.0,16.77,13.86,14.4,13.0,8.0,10.0,332.0,0.0,0.0
8475831,2025,Philipp Grubauer,SEA,G,4on5,22,5643.0,10.33,12.0,160.0,8.48,11.0,19.73,16.0,90.67,79.0,0.17,0.0,55.41,55.0,27.95,31.0,9.4,96.0,18.0,11.0,2.5,2.28,5.54,3.0,3.0,6.0,35.0,0.0,0.0
8475831,2025,Philipp Grubauer,SEA,G,5on4,22,4411.0,1.12,2.0,14.0,0.53,0.0,1.49,1.0,10.45,12.0,2.49,0.0,3.01,3.0,6.54,7.0,1.11,9.0,2.0,2.0,0.19,0.37,0.56,0.0,1.0,1.0,1.0,0.0,0.0
8484170,2025,Jacob Fowler,MTL,G,other,10,1380.0,2.89,2.0,39.0,1.49,4.0,3.7,2.0,19.32,18.0,0.59,0.0,11.1,13.0,6.02,5.0,2.38,14.0,8.0,4.0,0.62,0.97,1.3,1.0,1.0,0.0,13.0,0.0,0.0
8484170,2025,Jacob Fowler,MTL,G,all,10,35711.0,27.81,26.0,568.0,20.63,36.0,70.4,51.0,294.16,264.0,10.84,0.0,156.13,145.0,110.8,137.0,26.05,275.0,94.0,27.0,8.53,11.57,7.71,8.0,15.0,3.0,172.0,0.0,0.0
8484170,2025,Jacob Fowler,MTL,G,5on5,10,28426.0,17.75,18.0,414.0,13.3,20.0,52.86,31.0,212.36,186.0,8.87,0.0,110.54,105.0,83.33,110.0,17.24,208.0,65.0,12.0,6.65,8.01,3.09,6.0,11.0,1.0,129.0,0.0,0.0
8484170,2025,Jacob Fowler,MTL,G,4on5,10,3471.0,6.16,5.0,105.0,5.51,11.0,13.0,17.0,55.96,54.0,0.27,0.0,32.54,27.0,17.74,17.0,5.47,50.0,19.0,8.0,1.14,2.33,2.69,0.0,3.0,2.0,28.0,0.0,0.0
8484170,2025,Jacob Fowler,MTL,G,5on4,10,2434.0,0.53,1.0,7.0,0.18,1.0,0.45,0.0,4.12,4.0,1.01,0.0,1.11,0.0,2.62,3.0,0.49,3.0,0.0,2.0,0.12,0.0,0.41,1.0,0.0,0.0,2.0,0.0,0.0
8477970,2025,Vitek Vanecek,UTA,G,other,14,869.0,2.58,3.0,28.0,1.23,4.0,3.46,2.0,15.85,18.0,0.16,0.0,9.12,10.0,4.0,2.0,2.3,10.0,7.0,4.0,0.32,0.86,1.4,0.0,2.0,1.0,7.0,0.0,0.0
8477970,2025,Vitek Vanecek,UTA,G,all,14,49162.0,38.73,40.0,707.0,27.61,52.0,90.32,60.0,380.39,346.0,13.31,0.0,202.25,185.0,141.29,176.0,37.07,357.0,114.0,42.0,10.87,14.25,13.61,14.0,16.0,10.0,194.0,0.0,0.0
8477970,2025,Vitek Vanecek,UTA,G,5on5,14,40213.0,26.52,29.0,553.0,19.6,38.0,70.93,46.0,289.32,262.0,11.45,0.0,154.04,140.0,111.13,139.0,25.73,286.0,80.0,26.0,8.59,10.19,7.74,12.0,11.0,6.0,161.0,0.0,0.0
8477970,2025,Vitek Vanecek,UTA,G,4on5,14,3852.0,8.33,7.0,105.0,6.08,9.0,13.9,11.0,62.97,57.0,0.15,0.0,34.83,32.0,18.85,25.0,7.78,51.0,24.0,9.0,1.67,2.82,3.84,1.0,3.0,3.0,21.0,0.0,0.0
8477970,2025,Vitek Vanecek,UTA,G,5on4,14,4228.0,1.16,0.0,19.0,0.6,1.0,1.76,1.0,10.96,7.0,1.52,0.0,3.22,2.0,6.93,10.0,1.12,9.0,2.0,3.0,0.22,0.31,0.62,0.0,0.0,0.0,5.0,0.0,0.0
8482661,2025,Jesper Wallstedt,MIN,G,other,23,1898.0,5.51,3.0,73.0,3.48,3.0,8.23,5.0,42.45,35.0,0.57,0.0,26.0,30.0,12.24,15.0,5.25,38.0,13.0,6.0,1.36,1.52,2.64,0.0,1.0,2.0,16.0,0.0,0.0
8482661,2025,Jesper Wallstedt,MIN,G,all,23,83358.0,65.81,63.0,1494.0,55.27,84.0,193.54,177.0,783.32,726.0,23.12,0.0,435.89,394.0,304.95,362.0,62.66,870.0,150.0,62.0,25.74,18.61,21.47,25.0,22.0,16.0,412.0,2.0,1.0
8482661,2025,Jesper Wallstedt,MIN,G,5on5,23,69819.0,47.65,47.0,1225.0,42.0,66.0,162.23,151.0,632.05,583.0,18.06,0.0,349.68,310.0,254.85,304.0,45.59,718.0,119.0,41.0,21.03,14.79,11.83,23.0,19.0,5.0,347.0,2.0,1.0
8482661,2025,Jesper Wallstedt,MIN,G,4on5,23,5826.0,10.91,11.0,163.0,8.63,12.0,19.4,20.0,88.2,88.0,0.45,0.0,51.56,46.0,26.68,30.0,10.14,94.0,12.0,14.0,2.74,1.5,6.68,1.0,1.0,9.0,43.0,0.0,0.0
8482661,2025,Jesper Wallstedt,MIN,G,5on4,23,5815.0,1.24,0.0,19.0,0.54,2.0,1.65,0.0,11.77,11.0,3.69,0.0,3.42,3.0,7.84,10.0,1.19,9.0,5.0,1.0,0.23,0.68,0.33,0.0,0.0,0.0,4.0,0.0,0.0
8478499,2025,Adin Hill,VGK,G,other,12,518.0,0.39,0.0,9.0,0.31,0.0,1.07,2.0,5.1,6.0,0.36,0.0,2.59,4.0,2.49,1.0,0.39,5.0,2.0,0.0,0.18,0.21,0.0,0.0,0.0,0.0,2.0,0.0,0.0
8478499,2025,Adin Hill,VGK,G,all,12,38480.0,24.42,35.0,608.0,21.49,22.0,79.22,65.0,319.87,269.0,10.21,0.0,171.53,144.0,127.71,167.0,23.98,345.0,73.0,17.0,9.75,9.15,5.52,11.0,17.0,7.0,173.0,2.0,1.0
8478499,2025,Adin Hill,VGK,G,5on5,12,33640.0,18.55,27.0,511.0,16.7,15.0,67.34,57.0,263.02,219.0,8.26,0.0,142.64,124.0,105.12,136.0,18.2,289.0,57.0,13.0,8.16,7.06,3.34,11.0,13.0,3.0,152.0,0.0,0.0
8478499,2025,Adin Hill,VGK,G,4on5,12,2041.0,3.55,5.0,63.0,3.32,6.0,8.04,3.0,34.71,26.0,0.25,0.0,19.2,14.0,10.64,16.0,3.5,36.0,7.0,3.0,0.81,0.89,1.85,0.0,2.0,3.0,17.0,0.0,0.0
8478499,2025,Adin Hill,VGK,G,5on4,12,2281.0,0.56,2.0,10.0,0.4,0.0,0.87,1.0,6.12,8.0,1.19,0.0,2.48,0.0,4.44,6.0,0.56,6.0,3.0,0.0,0.14,0.42,0.0,0.0,2.0,0.0,1.0,2.0,1.0
8475883,2025,Frederik Andersen,CAR,G,other,22,1407.0,2.25,3.0,27.0,1.17,1.0,3.8,2.0,18.09,14.0,0.68,0.0,9.33,8.0,6.93,10.0,2.17,17.0,4.0,3.0,0.82,0.44,0.99,1.0,0.0,2.0,3.0,0.0,0.0
8475883,2025,Frederik Andersen,CAR,G,all,22,79499.0,64.96,72.0,1130.0,44.8,74.0,151.48,98.0,640.08,560.0,26.86,0.0,328.6,295.0,246.59,319.0,61.82,591.0,202.0,65.0,19.12,24.7,21.14,26.0,28.0,18.0,272.0,4.0,2.0
8475883,2025,Frederik Andersen,CAR,G,5on5,22,65086.0,47.55,53.0,910.0,34.32,54.0,124.63,85.0,507.47,443.0,21.25,0.0,262.66,238.0,197.57,254.0,45.41,477.0,161.0,46.0,15.29,19.76,12.5,23.0,24.0,6.0,226.0,2.0,1.0
8475883,2025,Frederik Andersen,CAR,G,4on5,22,6620.0,11.52,13.0,156.0,7.93,16.0,18.97,10.0,87.84,77.0,0.89,0.0,48.13,46.0,26.54,31.0,10.79,79.0,26.0,11.0,2.35,3.0,6.17,1.0,3.0,9.0,40.0,2.0,1.0
8475883,2025,Frederik Andersen,CAR,G,5on4,22,6386.0,3.07,2.0,28.0,1.12,3.0,3.36,0.0,22.22,23.0,3.89,0.0,6.38,2.0,13.34,21.0,2.88,14.0,10.0,4.0,0.43,1.39,1.24,0.0,1.0,1.0,0.0,0.0,0.0
8481519,2025,Spencer Knight,CHI,G,other,39,3277.0,7.17,10.0,95.0,3.86,4.0,10.33,6.0,52.82,46.0,1.84,0.0,27.3,20.0,19.51,30.0,6.96,39.0,21.0,10.0,1.4,2.59,3.17,4.0,1.0,5.0,25.0,0.0,0.0
8481519,2025,Spencer Knight,CHI,G,all,39,140087.0,111.98,102.0,2239.0,90.63,135.0,300.98,229.0,1254.09,1104.0,36.44,5.0,665.18,581.0,486.75,648.0,107.34,1271.0,311.0,116.0,36.09,37.95,37.94,49.0,32.0,21.0,541.0,0.0,0.0
8481519,2025,Spencer Knight,CHI,G,5on5,39,115300.0,82.74,77.0,1813.0,67.61,97.0,248.04,190.0,1001.28,886.0,29.87,4.0,534.5,478.0,398.29,520.0,80.05,1036.0,252.0,77.0,30.16,30.76,21.82,44.0,26.0,7.0,448.0,0.0,0.0
8481519,2025,Spencer Knight,CHI,G,4on5,39,11309.0,19.17,14.0,284.0,17.55,33.0,37.89,27.0,169.5,142.0,0.71,0.0,92.95,76.0,48.57,72.0,17.47,165.0,32.0,25.0,3.5,3.8,11.87,1.0,4.0,9.0,62.0,0.0,0.0
8481519,2025,Spencer Knight,CHI,G,5on4,39,10201.0,2.77,1.0,45.0,1.53,1.0,4.44,6.0,29.08,30.0,3.98,1.0,9.68,5.0,19.65,26.0,2.73,29.0,6.0,4.0,0.89,0.8,1.08,0.0,1.0,0.0,6.0,0.0,0.0
8475809,2025,Scott Wedgewood,COL,G,other,31,2564.0,4.08,3.0,79.0,3.02,2.0,6.87,1.0,37.65,35.0,0.72,0.0,24.68,29.0,12.09,17.0,3.87,32.0,17.0,3.0,1.4,2.01,0.68,1.0,0.0,2.0,27.0,0.0,0.0
8475809,2025,Scott Wedgewood,COL,G,all,31,107924.0,74.66,69.0,1638.0,60.46,98.0,215.92,179.0,881.45,783.0,35.6,0.0,475.28,423.0,343.51,430.0,71.84,901.0,222.0,76.0,24.53,28.03,22.1,29.0,22.0,18.0,439.0,2.0,1.0
8475809,2025,Scott Wedgewood,COL,G,5on5,31,86977.0,54.82,48.0,1315.0,45.16,85.0,180.84,154.0,701.31,609.0,28.68,0.0,372.04,331.0,277.78,336.0,52.94,736.0,166.0,52.0,19.5,21.19,14.13,26.0,16.0,6.0,361.0,2.0,1.0
8475809,2025,Scott Wedgewood,COL,G,4on5,31,7859.0,12.66,12.0,202.0,10.69,11.0,23.71,22.0,114.25,107.0,0.64,0.0,68.91,57.0,36.39,54.0,11.95,109.0,31.0,16.0,2.99,3.71,5.95,1.0,3.0,8.0,46.0,0.0,0.0
8475809,2025,Scott Wedgewood,COL,G,5on4,31,10524.0,2.58,5.0,35.0,1.31,0.0,3.69,2.0,23.49,28.0,5.2,0.0,7.77,4.0,14.88,20.0,2.56,20.0,6.0,5.0,0.43,0.81,1.34,0.0,3.0,2.0,4.0,0.0,0.0
8475683,2025,Sergei Bobrovsky,FLA,G,other,40,3901.0,8.96,7.0,111.0,4.93,4.0,13.55,13.0,66.08,60.0,1.38,0.0,36.24,34.0,22.85,31.0,8.22,51.0,28.0,10.0,1.88,3.4,3.68,2.0,3.0,2.0,22.0,0.0,0.0
8475683,2025,Sergei Bobrovsky,FLA,G,all,40,139071.0,106.76,121.0,1985.0,74.76,119.0,264.55,185.0,1088.92,939.0,42.42,3.0,570.97,484.0,419.67,562.0,100.77,1063.0,295.0,116.0,30.27,36.66,39.83,36.0,55.0,30.0,511.0,9.0,3.0
8475683,2025,Sergei Bobrovsky,FLA,G,5on5,40,108520.0,69.59,87.0,1528.0,53.47,91.0,210.31,149.0,826.85,709.0,31.68,3.0,432.54,369.0,328.08,423.0,66.74,838.0,217.0,67.0,23.79,27.42,18.38,31.0,43.0,13.0,406.0,9.0,3.0
8475683,2025,Sergei Bobrovsky,FLA,G,4on5,40,12944.0,25.99,24.0,303.0,14.95,24.0,36.56,21.0,168.86,137.0,1.38,0.0,92.8,74.0,48.79,82.0,23.6,144.0,44.0,37.0,3.64,5.04,17.32,2.0,7.0,15.0,78.0,0.0,0.0
8475683,2025,Sergei Bobrovsky,FLA,G,5on4,40,13706.0,2.22,3.0,43.0,1.41,0.0,4.13,2.0,27.14,33.0,7.99,0.0,9.38,7.0,19.95,26.0,2.21,30.0,6.0,2.0,0.97,0.8,0.46,1.0,2.0,0.0,5.0,0.0,0.0
8482076,2025,Nico Daws,NJD,G,other,1,31.0,0.0,0.0,0.0,0.0,0.0,0.0,0.0,0.0,0.0,0.02,0.0,0.0,0.0,0.0,0.0,0.0,0.0,0.0,0.0,0.0,0.0,0.0,0.0,0.0,0.0,0.0,0.0,0.0
8482076,2025,Nico Daws,NJD,G,all,1,3600.0,3.06,1.0,68.0,2.8,8.0,8.1,4.0,33.66,31.0,1.11,0.0,16.73,18.0,12.19,13.0,2.77,32.0,6.0,6.0,0.76,0.73,1.57,1.0,0.0,0.0,24.0,0.0,0.0
8482076,2025,Nico Daws,NJD,G,5on5,1,3085.0,2.96,1.0,55.0,2.16,7.0,6.63,3.0,27.64,26.0,0.97,0.0,13.22,15.0,10.13,10.0,2.68,24.0,6.0,6.0,0.66,0.73,1.57,1.0,0.0,0.0,19.0,0.0,0.0
8482076,2025,Nico Daws,NJD,G,4on5,1,360.0,0.1,0.0,13.0,0.64,1.0,1.47,1.0,6.02,5.0,0.02,0.0,3.51,3.0,2.06,3.0,0.1,8.0,0.0,0.0,0.1,0.0,0.0,0.0,0.0,0.0,5.0,0.0,0.0
8482076,2025,Nico Daws,NJD,G,5on4,1,124.0,0.0,0.0,0.0,0.0,0.0,0.0,0.0,0.0,0.0,0.11,0.0,0.0,0.0,0.0,0.0,0.0,0.0,0.0,0.0,0.0,0.0,0.0,0.0,0.0,0.0,0.0,0.0,0.0
8478024,2025,Ville Husso,ANA,G,other,12,520.0,2.91,2.0,33.0,1.49,0.0,3.98,2.0,22.24,18.0,0.58,0.0,11.39,14.0,8.54,11.0,2.88,17.0,9.0,3.0,0.69,1.03,1.2,0.0,1.0,1.0,4.0,0.0,0.0
8478024,2025,Ville Husso,ANA,G,all,12,39726.0,31.05,36.0,655.0,22.61,31.0,83.29,52.0,338.74,306.0,13.05,0.0,181.53,180.0,131.09,160.0,29.83,338.0,91.0,32.0,10.54,10.69,9.83,13.0,13.0,10.0,194.0,2.0,1.0
8478024,2025,Ville Husso,ANA,G,5on5,12,32635.0,22.65,29.0,512.0,16.76,30.0,66.53,41.0,260.55,238.0,10.65,0.0,138.17,129.0,101.14,123.0,21.85,266.0,63.0,25.0,8.11,7.44,7.1,11.0,11.0,7.0,158.0,2.0,1.0
8478024,2025,Ville Husso,ANA,G,4on5,12,3188.0,4.74,5.0,99.0,4.09,1.0,11.45,8.0,48.24,41.0,0.27,0.0,29.82,35.0,16.16,19.0,4.52,48.0,17.0,3.0,1.49,2.01,1.24,2.0,1.0,2.0,31.0,0.0,0.0
8478024,2025,Ville Husso,ANA,G,5on4,12,3383.0,0.74,0.0,11.0,0.28,0.0,1.33,1.0,7.71,9.0,1.55,0.0,2.16,2.0,5.25,7.0,0.59,7.0,2.0,1.0,0.26,0.21,0.28,0.0,0.0,0.0,1.0,0.0,0.0
8479292,2025,Charlie Lindgren,WSH,G,other,18,2140.0,4.98,6.0,59.0,2.51,2.0,6.79,7.0,34.86,32.0,1.03,0.0,18.96,18.0,10.66,12.0,4.48,27.0,12.0,6.0,1.17,1.69,2.12,2.0,3.0,1.0,14.0,0.0,0.0
8479292,2025,Charlie Lindgren,WSH,G,all,18,64030.0,57.99,60.0,1079.0,39.44,50.0,134.86,109.0,576.56,516.0,19.24,0.0,313.5,280.0,221.19,287.0,54.37,557.0,173.0,57.0,17.82,20.23,19.94,21.0,21.0,18.0,292.0,8.0,4.0
8479292,2025,Charlie Lindgren,WSH,G,5on5,18,51217.0,35.81,35.0,824.0,27.42,33.0,104.8,82.0,424.97,373.0,16.07,0.0,229.54,209.0,169.33,222.0,34.65,438.0,110.0,34.0,13.37,12.74,9.7,14.0,13.0,8.0,242.0,8.0,4.0
8479292,2025,Charlie Lindgren,WSH,G,4on5,18,5900.0,15.24,17.0,169.0,8.56,15.0,20.5,18.0,100.34,91.0,0.33,0.0,58.49,50.0,30.93,37.0,13.3,81.0,40.0,16.0,2.81,4.57,7.86,4.0,4.0,9.0,32.0,0.0,0.0
8479292,2025,Charlie Lindgren,WSH,G,5on4,18,4773.0,1.35,1.0,19.0,0.66,0.0,1.73,0.0,11.92,14.0,1.81,0.0,4.09,1.0,8.77,15.0,1.35,8.0,8.0,1.0,0.25,0.84,0.26,0.0,1.0,0.0,2.0,0.0,0.0
8482487,2025,Jakub Dobes,MTL,G,other,27,2874.0,7.29,9.0,102.0,4.3,8.0,11.06,5.0,55.27,58.0,1.31,0.0,32.81,30.0,17.54,23.0,6.85,44.0,22.0,9.0,1.63,2.58,3.07,3.0,3.0,3.0,27.0,0.0,0.0
8482487,2025,Jakub Dobes,MTL,G,all,27,93773.0,77.19,77.0,1552.0,54.9,94.0,196.31,138.0,810.28,710.0,24.85,3.0,431.36,371.0,305.88,412.0,73.97,778.0,231.0,84.0,23.26,27.72,26.22,25.0,35.0,17.0,459.0,2.0,1.0
8482487,2025,Jakub Dobes,MTL,G,5on5,27,78304.0,56.05,50.0,1238.0,41.06,74.0,161.61,115.0,637.89,548.0,20.29,2.0,333.31,289.0,246.37,332.0,53.66,631.0,168.0,61.0,18.67,20.5,16.89,19.0,24.0,7.0,378.0,2.0,1.0
8482487,2025,Jakub Dobes,MTL,G,4on5,27,7083.0,12.69,16.0,187.0,8.8,12.0,20.79,18.0,98.98,87.0,0.48,0.0,58.67,48.0,29.83,39.0,12.31,85.0,35.0,14.0,2.45,3.98,6.26,3.0,6.0,7.0,53.0,0.0,0.0
8482487,2025,Jakub Dobes,MTL,G,5on4,27,5512.0,0.46,1.0,16.0,0.37,0.0,1.78,0.0,11.95,13.0,2.45,1.0,3.72,3.0,9.31,12.0,0.46,15.0,1.0,0.0,0.33,0.14,0.0,0.0,1.0,0.0,0.0,0.0,0.0
8483746,2025,Vyacheslav Buteyets,ANA,G,other,1,0.0,0.0,0.0,0.0,0.0,0.0,0.0,0.0,0.0,0.0,0.0,0.0,0.0,0.0,0.0,0.0,0.0,0.0,0.0,0.0,0.0,0.0,0.0,0.0,0.0,0.0,0.0,0.0,0.0
8483746,2025,Vyacheslav Buteyets,ANA,G,all,1,1200.0,1.61,3.0,23.0,0.84,1.0,3.42,3.0,14.62,13.0,0.28,0.0,7.07,5.0,5.6,7.0,1.6,14.0,4.0,1.0,0.48,0.44,0.69,1.0,1.0,1.0,4.0,0.0,0.0
8483746,2025,Vyacheslav Buteyets,ANA,G,5on5,1,1006.0,0.92,2.0,22.0,0.81,1.0,3.38,3.0,13.71,12.0,0.24,0.0,6.93,5.0,5.52,7.0,0.91,14.0,4.0,0.0,0.48,0.44,0.0,1.0,1.0,0.0,4.0,0.0,0.0
8483746,2025,Vyacheslav Buteyets,ANA,G,4on5,1,74.0,0.69,1.0,1.0,0.03,0.0,0.05,0.0,0.91,1.0,0.02,0.0,0.14,0.0,0.08,0.0,0.69,0.0,0.0,1.0,0.0,0.0,0.69,0.0,0.0,1.0,0.0,0.0,0.0
8483746,2025,Vyacheslav Buteyets,ANA,G,5on4,1,120.0,0.0,0.0,0.0,0.0,0.0,0.0,0.0,0.0,0.0,0.02,0.0,0.0,0.0,0.0,0.0,0.0,0.0,0.0,0.0,0.0,0.0,0.0,0.0,0.0,0.0,0.0,0.0,0.0
8475311,2025,Darcy Kuemper,LAK,G,other,36,2438.0,7.76,7.0,100.0,4.58,4.0,13.27,11.0,62.21,59.0,1.55,1.0,35.19,35.0,21.12,27.0,6.28,44.0,33.0,7.0,1.88,3.88,2.0,2.0,3.0,2.0,16.0,0.0,0.0
8475311,2025,Darcy Kuemper,LAK,G,all,36,124894.0,92.08,90.0,1863.0,70.22,100.0,238.14,189.0,996.77,902.0,37.2,3.0,532.22,479.0,387.64,496.0,86.79,993.0,275.0,86.0,30.05,33.19,28.84,35.0,32.0,23.0,509.0,6.0,3.0
8475311,2025,Darcy Kuemper,LAK,G,5on5,36,102921.0,60.48,54.0,1475.0,49.52,71.0,186.31,150.0,752.23,672.0,30.14,2.0,403.69,374.0,304.78,381.0,58.73,795.0,183.0,52.0,23.85,22.33,14.3,28.0,19.0,7.0,445.0,6.0,3.0
8475311,2025,Darcy Kuemper,LAK,G,4on5,36,10183.0,20.59,26.0,238.0,14.2,25.0,33.48,22.0,150.2,143.0,0.77,0.0,81.06,62.0,42.28,62.0,18.76,126.0,46.0,25.0,3.14,5.53,11.92,4.0,8.0,14.0,41.0,0.0,0.0
8475311,2025,Darcy Kuemper,LAK,G,5on4,36,9352.0,2.02,2.0,37.0,1.19,0.0,3.47,3.0,23.11,20.0,4.62,0.0,7.46,4.0,16.16,22.0,2.02,23.0,7.0,1.0,0.86,0.76,0.4,1.0,1.0,0.0,6.0,0.0,0.0
8476883,2025,Andrei Vasilevskiy,TBL,G,other,37,3539.0,6.96,3.0,101.0,4.38,8.0,11.93,7.0,54.64,52.0,1.84,0.0,28.77,30.0,17.99,24.0,5.88,42.0,20.0,10.0,1.57,2.31,3.09,2.0,1.0,0.0,29.0,0.0,0.0
8476883,2025,Andrei Vasilevskiy,TBL,G,all,37,133150.0,99.07,78.0,1931.0,72.29,127.0,255.37,194.0,1051.0,961.0,38.7,1.0,551.63,476.0,403.92,540.0,93.11,1042.0,269.0,107.0,31.12,33.65,34.29,33.0,20.0,25.0,513.0,11.0,3.0
8476883,2025,Andrei Vasilevskiy,TBL,G,5on5,37,106679.0,65.23,55.0,1461.0,50.01,91.0,199.59,158.0,783.21,710.0,30.46,1.0,411.45,345.0,310.39,412.0,62.73,816.0,186.0,61.0,24.52,23.46,17.26,28.0,12.0,15.0,398.0,4.0,1.0
8476883,2025,Andrei Vasilevskiy,TBL,G,4on5,37,11316.0,21.9,16.0,305.0,15.92,21.0,36.95,27.0,172.53,155.0,0.65,0.0,97.57,92.0,51.54,73.0,19.93,148.0,54.0,28.0,3.75,6.67,11.48,2.0,5.0,9.0,75.0,0.0,0.0
8476883,2025,Andrei Vasilevskiy,TBL,G,5on4,37,11616.0,2.24,2.0,41.0,1.03,1.0,4.07,1.0,26.81,30.0,5.52,0.0,8.16,6.0,18.73,25.0,2.21,28.0,4.0,3.0,0.89,0.47,0.87,1.0,0.0,1.0,6.0,7.0,2.0
8477405,2025,Marcus Hogberg,NYI,G,other,1,0.0,0.0,0.0,0.0,0.0,0.0,0.0,0.0,0.0,0.0,0.0,0.0,0.0,0.0,0.0,0.0,0.0,0.0,0.0,0.0,0.0,0.0,0.0,0.0,0.0,0.0,0.0,0.0,0.0
8477405,2025,Marcus Hogberg,NYI,G,all,1,809.0,0.37,2.0,13.0,0.44,0.0,1.64,2.0,6.16,7.0,0.11,0.0,3.22,2.0,2.12,2.0,0.37,7.0,1.0,0.0,0.23,0.14,0.0,1.0,1.0,0.0,5.0,0.0,0.0
8477405,2025,Marcus Hogberg,NYI,G,5on5,1,622.0,0.34,2.0,7.0,0.22,0.0,0.88,1.0,3.78,4.0,0.07,0.0,1.98,1.0,1.46,1.0,0.34,4.0,1.0,0.0,0.2,0.14,0.0,1.0,1.0,0.0,2.0,0.0,0.0
8477405,2025,Marcus Hogberg,NYI,G,4on5,1,120.0,0.03,0.0,6.0,0.21,0.0,0.76,1.0,2.38,3.0,0.0,0.0,1.24,1.0,0.66,1.0,0.03,3.0,0.0,0.0,0.03,0.0,0.0,0.0,0.0,0.0,3.0,0.0,0.0
8477405,2025,Marcus Hogberg,NYI,G,5on4,1,67.0,0.0,0.0,0.0,0.0,0.0,0.0,0.0,0.0,0.0,0.04,0.0,0.0,0.0,0.0,0.0,0.0,0.0,0.0,0.0,0.0,0.0,0.0,0.0,0.0,0.0,0.0,0.0,0.0
8478007,2025,Elvis Merzlikins,CBJ,G,other,21,1909.0,3.67,3.0,60.0,2.79,4.0,6.84,7.0,33.38,30.0,0.88,1.0,21.82,16.0,10.64,17.0,3.21,32.0,13.0,2.0,1.21,1.52,0.93,3.0,0.0,0.0,13.0,0.0,0.0
8478007,2025,Elvis Merzlikins,CBJ,G,all,21,71265.0,64.71,69.0,1238.0,48.27,85.0,162.72,120.0,677.48,617.0,20.01,1.0,370.83,318.0,257.91,333.0,60.62,692.0,172.0,63.0,23.4,21.07,20.25,36.0,19.0,14.0,311.0,0.0,0.0
8478007,2025,Elvis Merzlikins,CBJ,G,5on5,21,59294.0,44.5,48.0,961.0,34.35,64.0,130.76,93.0,517.51,469.0,16.31,0.0,277.06,245.0,203.08,256.0,42.55,547.0,116.0,44.0,17.8,14.42,12.29,27.0,13.0,8.0,254.0,0.0,0.0
8478007,2025,Elvis Merzlikins,CBJ,G,4on5,21,5599.0,15.41,17.0,193.0,10.45,17.0,23.22,18.0,111.67,103.0,0.45,0.0,66.62,55.0,33.68,45.0,13.74,97.0,40.0,16.0,3.99,4.64,6.79,6.0,5.0,6.0,40.0,0.0,0.0
8478007,2025,Elvis Merzlikins,CBJ,G,5on4,21,4463.0,0.68,0.0,15.0,0.4,0.0,1.2,1.0,10.47,11.0,2.16,0.0,3.34,2.0,8.09,11.0,0.67,12.0,1.0,1.0,0.26,0.18,0.24,0.0,0.0,0.0,1.0,0.0,0.0
8483548,2025,Brandon Bussi,CAR,G,other,27,3986.0,6.56,6.0,89.0,3.91,7.0,10.67,5.0,50.19,46.0,1.75,0.0,27.92,31.0,16.12,18.0,6.14,39.0,19.0,9.0,1.62,2.31,2.62,2.0,3.0,1.0,22.0,0.0,0.0
8483548,2025,Brandon Bussi,CAR,G,all,27,98295.0,70.01,59.0,1258.0,50.31,82.0,167.58,114.0,707.46,632.0,33.93,1.0,368.12,333.0,270.14,359.0,66.44,673.0,197.0,80.0,21.27,23.57,25.17,20.0,22.0,17.0,308.0,2.0,1.0
8483548,2025,Brandon Bussi,CAR,G,5on5,27,80195.0,47.21,38.0,988.0,36.73,56.0,134.73,93.0,548.07,485.0,27.1,0.0,286.48,265.0,216.51,285.0,45.54,543.0,155.0,42.0,17.13,18.46,11.62,14.0,18.0,6.0,248.0,2.0,1.0
8483548,2025,Brandon Bussi,CAR,G,4on5,27,6623.0,14.02,14.0,151.0,8.66,18.0,19.59,15.0,89.72,79.0,0.84,0.0,47.3,34.0,24.36,36.0,12.64,75.0,16.0,26.0,2.02,1.96,10.05,3.0,1.0,10.0,34.0,0.0,0.0
8483548,2025,Brandon Bussi,CAR,G,5on4,27,7491.0,1.65,1.0,27.0,0.88,1.0,2.24,1.0,17.05,19.0,4.24,1.0,5.53,3.0,12.15,17.0,1.56,16.0,5.0,2.0,0.49,0.63,0.53,1.0,0.0,0.0,4.0,0.0,0.0
8476341,2025,Anton Forsberg,LAK,G,other,22,2627.0,7.34,9.0,102.0,5.4,4.0,12.2,15.0,59.14,56.0,0.58,0.0,33.55,32.0,18.38,19.0,6.38,47.0,23.0,9.0,1.8,3.02,2.52,3.0,5.0,1.0,23.0,0.0,0.0
8476341,2025,Anton Forsberg,LAK,G,all,22,75569.0,62.35,54.0,1219.0,46.21,80.0,159.52,138.0,655.0,578.0,20.08,2.0,347.73,314.0,253.72,306.0,57.58,635.0,205.0,52.0,19.15,25.64,17.55,20.0,24.0,10.0,327.0,4.0,2.0
8476341,2025,Anton Forsberg,LAK,G,5on5,22,60646.0,38.75,32.0,951.0,32.43,59.0,125.15,93.0,489.02,424.0,15.4,1.0,262.87,248.0,196.06,240.0,37.47,508.0,141.0,23.0,14.53,17.85,6.37,14.0,14.0,4.0,279.0,4.0,2.0
8476341,2025,Anton Forsberg,LAK,G,4on5,22,6168.0,13.51,11.0,131.0,7.08,11.0,18.3,27.0,82.34,77.0,0.7,0.0,43.34,29.0,23.01,30.0,11.07,59.0,32.0,17.0,2.12,3.55,7.84,2.0,4.0,5.0,23.0,0.0,0.0
8476341,2025,Anton Forsberg,LAK,G,5on4,22,6128.0,2.65,2.0,33.0,1.23,6.0,3.55,3.0,23.0,20.0,3.31,1.0,7.37,4.0,15.41,16.0,2.58,19.0,9.0,3.0,0.61,1.23,0.82,1.0,1.0,0.0,2.0,0.0,0.0
8477465,2025,Tristan Jarry,EDM,G,other,25,2044.0,6.26,5.0,82.0,3.51,7.0,8.7,6.0,46.49,41.0,0.71,0.0,28.58,27.0,13.3,16.0,5.41,38.0,17.0,7.0,1.66,2.28,2.32,3.0,2.0,0.0,20.0,0.0,0.0
8477465,2025,Tristan Jarry,EDM,G,all,25,83250.0,75.31,71.0,1406.0,53.94,83.0,177.76,117.0,755.33,666.0,24.9,4.0,407.77,387.0,288.43,368.0,71.27,729.0,220.0,80.0,23.55,26.61,25.15,32.0,27.0,12.0,377.0,0.0,0.0
8477465,2025,Tristan Jarry,EDM,G,5on5,25,69313.0,52.69,48.0,1110.0,39.9,68.0,145.12,99.0,586.49,510.0,19.94,4.0,310.9,290.0,231.35,293.0,50.33,591.0,153.0,56.0,18.51,18.68,15.5,25.0,18.0,5.0,310.0,0.0,0.0
8477465,2025,Tristan Jarry,EDM,G,4on5,25,6334.0,14.56,17.0,189.0,9.56,7.0,21.1,11.0,104.47,94.0,0.27,0.0,62.41,60.0,31.86,48.0,13.76,84.0,44.0,15.0,2.71,4.97,6.88,3.0,7.0,7.0,46.0,0.0,0.0
8477465,2025,Tristan Jarry,EDM,G,5on4,25,5559.0,1.79,1.0,25.0,0.96,1.0,2.84,1.0,17.88,21.0,3.98,0.0,5.88,10.0,11.93,11.0,1.77,16.0,6.0,2.0,0.66,0.68,0.45,1.0,0.0,0.0,1.0,0.0,0.0
8476914,2025,Joonas Korpisalo,BOS,G,other,22,2018.0,5.52,4.0,61.0,2.73,5.0,7.55,3.0,35.8,34.0,0.91,0.0,17.24,19.0,11.82,15.0,4.88,23.0,16.0,7.0,0.84,2.12,2.55,1.0,2.0,1.0,15.0,0.0,0.0
8476914,2025,Joonas Korpisalo,BOS,G,all,22,71972.0,61.46,63.0,1175.0,47.16,91.0,160.96,124.0,647.38,587.0,20.49,2.0,336.16,284.0,240.99,307.0,58.29,623.0,179.0,67.0,17.3,22.38,21.78,25.0,27.0,11.0,306.0,0.0,0.0
8476914,2025,Joonas Korpisalo,BOS,G,5on5,22,58558.0,43.57,46.0,938.0,33.55,67.0,129.3,100.0,497.91,443.0,16.02,2.0,261.06,222.0,191.33,241.0,41.68,497.0,133.0,46.0,13.81,16.34,13.43,22.0,21.0,3.0,262.0,0.0,0.0
8476914,2025,Joonas Korpisalo,BOS,G,4on5,22,6176.0,10.48,12.0,154.0,10.03,17.0,21.65,21.0,97.75,92.0,0.38,0.0,53.29,40.0,28.1,37.0,10.0,92.0,25.0,10.0,2.32,3.3,4.86,2.0,3.0,7.0,27.0,0.0,0.0
8476914,2025,Joonas Korpisalo,BOS,G,5on4,22,5220.0,1.89,1.0,22.0,0.84,2.0,2.46,0.0,15.92,18.0,3.19,0.0,4.58,3.0,9.74,14.0,1.73,11.0,5.0,4.0,0.33,0.62,0.95,0.0,1.0,0.0,2.0,0.0,0.0
8481692,2025,Dustin Wolf,CGY,G,other,41,4647.0,7.57,6.0,115.0,4.36,5.0,13.17,16.0,60.62,56.0,1.06,1.0,35.36,31.0,19.36,23.0,6.62,46.0,30.0,6.0,1.96,3.69,1.92,1.0,4.0,1.0,33.0,0.0,0.0
8481692,2025,Dustin Wolf,CGY,G,all,41,137895.0,110.92,115.0,2257.0,84.98,114.0,291.6,271.0,1207.46,1100.0,39.99,3.0,644.01,552.0,470.45,586.0,104.78,1205.0,326.0,112.0,35.39,40.27,35.26,38.0,50.0,27.0,614.0,2.0,1.0
8481692,2025,Dustin Wolf,CGY,G,5on5,41,111703.0,76.79,85.0,1791.0,61.45,79.0,235.35,225.0,932.21,831.0,31.82,1.0,494.08,434.0,371.5,445.0,73.82,966.0,233.0,72.0,28.35,28.66,19.78,35.0,36.0,14.0,520.0,2.0,1.0
8481692,2025,Dustin Wolf,CGY,G,4on5,41,9737.0,21.58,22.0,285.0,16.55,27.0,36.4,29.0,170.71,165.0,0.97,0.0,98.46,70.0,52.43,82.0,19.46,159.0,43.0,29.0,3.96,5.35,12.27,0.0,10.0,12.0,54.0,0.0,0.0
8481692,2025,Dustin Wolf,CGY,G,5on4,41,11808.0,3.44,1.0,50.0,1.95,2.0,4.81,1.0,33.15,36.0,5.85,1.0,11.26,9.0,22.41,32.0,3.43,27.0,14.0,4.0,0.77,1.78,0.9,1.0,0.0,0.0,5.0,0.0,0.0
8475660,2025,Cam Talbot,DET,G,other,24,2032.0,5.72,7.0,65.0,2.81,5.0,8.21,5.0,37.93,35.0,0.83,0.0,19.01,15.0,12.48,17.0,5.39,23.0,20.0,7.0,0.96,2.41,2.35,1.0,3.0,3.0,15.0,0.0,0.0
8475660,2025,Cam Talbot,DET,G,all,24,80540.0,61.3,67.0,1340.0,47.42,55.0,164.57,148.0,690.06,618.0,24.41,1.0,371.22,337.0,275.25,335.0,59.09,698.0,181.0,64.0,20.86,21.34,19.1,24.0,22.0,21.0,397.0,0.0,0.0
8475660,2025,Cam Talbot,DET,G,5on5,24,66092.0,44.71,47.0,1070.0,36.23,46.0,135.09,128.0,547.72,491.0,18.65,1.0,295.42,272.0,220.57,257.0,43.41,579.0,124.0,47.0,17.18,14.77,12.76,19.0,15.0,13.0,320.0,0.0,0.0
8475660,2025,Cam Talbot,DET,G,4on5,24,5129.0,8.87,11.0,172.0,7.16,4.0,16.92,15.0,80.0,66.0,0.35,0.0,48.24,43.0,26.15,37.0,8.31,71.0,31.0,8.0,1.97,3.45,3.45,2.0,4.0,5.0,62.0,0.0,0.0
8475660,2025,Cam Talbot,DET,G,5on4,24,7287.0,1.74,1.0,27.0,1.01,0.0,3.46,0.0,20.22,22.0,4.41,0.0,6.53,5.0,13.57,21.0,1.72,20.0,5.0,2.0,0.59,0.61,0.54,1.0,0.0,0.0,0.0,0.0,0.0
8480045,2025,Ukko-Pekka Luukkonen,BUF,G,other,21,2457.0,7.21,4.0,77.0,3.22,8.0,8.35,13.0,41.12,38.0,0.62,0.0,22.03,18.0,11.7,11.0,6.41,27.0,15.0,12.0,0.99,1.75,4.47,0.0,2.0,2.0,23.0,0.0,0.0
8480045,2025,Ukko-Pekka Luukkonen,BUF,G,all,21,71218.0,55.16,54.0,1152.0,43.56,74.0,156.61,138.0,625.47,554.0,19.24,2.0,331.49,295.0,240.8,287.0,52.74,646.0,145.0,58.0,18.92,17.95,18.29,21.0,19.0,14.0,303.0,4.0,2.0
8480045,2025,Ukko-Pekka Luukkonen,BUF,G,5on5,21,58434.0,38.08,41.0,907.0,30.9,49.0,125.94,111.0,486.37,423.0,15.52,2.0,257.02,226.0,194.62,235.0,36.93,522.0,106.0,35.0,15.74,13.25,9.09,21.0,14.0,6.0,244.0,4.0,2.0
8480045,2025,Ukko-Pekka Luukkonen,BUF,G,4on5,21,4996.0,8.21,6.0,147.0,8.49,15.0,20.14,12.0,83.5,75.0,0.32,0.0,47.34,46.0,24.85,33.0,7.74,86.0,17.0,9.0,1.91,2.13,4.17,0.0,1.0,5.0,35.0,0.0,0.0
8480045,2025,Ukko-Pekka Luukkonen,BUF,G,5on4,21,5331.0,1.53,2.0,20.0,0.89,2.0,2.07,2.0,13.72,17.0,2.77,0.0,4.78,5.0,9.27,8.0,1.53,11.0,6.0,2.0,0.28,0.69,0.56,0.0,1.0,1.0,1.0,0.0,0.0
8476899,2025,Matt Murray,SEA,G,other,5,192.0,0.77,1.0,7.0,0.38,0.0,0.85,0.0,4.22,4.0,0.04,0.0,2.37,3.0,1.44,2.0,0.75,4.0,1.0,1.0,0.07,0.1,0.6,0.0,0.0,1.0,1.0,0.0,0.0
8476899,2025,Matt Murray,SEA,G,all,5,13013.0,10.78,8.0,227.0,8.21,10.0,29.76,18.0,119.2,102.0,3.42,0.0,64.92,64.0,46.36,64.0,10.44,121.0,32.0,11.0,3.32,3.7,3.75,1.0,4.0,3.0,63.0,0.0,0.0
8476899,2025,Matt Murray,SEA,G,5on5,5,10860.0,7.61,4.0,184.0,6.31,9.0,24.93,15.0,95.84,82.0,2.49,0.0,51.94,48.0,38.06,56.0,7.36,101.0,25.0,6.0,2.98,2.96,1.67,1.0,3.0,0.0,52.0,0.0,0.0
8476899,2025,Matt Murray,SEA,G,4on5,5,973.0,2.2,3.0,32.0,1.4,1.0,3.5,3.0,16.0,12.0,0.0,0.0,9.73,11.0,4.64,4.0,2.13,13.0,5.0,4.0,0.23,0.49,1.48,0.0,1.0,2.0,10.0,0.0,0.0
8476899,2025,Matt Murray,SEA,G,5on4,5,988.0,0.2,0.0,4.0,0.12,0.0,0.48,0.0,3.15,4.0,0.89,0.0,0.89,2.0,2.22,2.0,0.2,3.0,1.0,0.0,0.05,0.15,0.0,0.0,0.0,0.0,0.0,0.0,0.0
8480981,2025,Joel Hofer,STL,G,other,30,2545.0,7.73,5.0,75.0,2.78,3.0,7.13,6.0,41.31,43.0,0.93,0.0,22.84,24.0,13.27,17.0,6.36,30.0,15.0,10.0,1.21,1.74,4.78,2.0,2.0,1.0,20.0,0.0,0.0
8480981,2025,Joel Hofer,STL,G,all,30,99235.0,78.91,81.0,1682.0,61.65,76.0,215.62,196.0,892.72,772.0,24.37,0.0,488.1,445.0,346.34,422.0,74.49,928.0,207.0,85.0,25.12,25.48,28.32,34.0,26.0,21.0,462.0,4.0,2.0
8480981,2025,Joel Hofer,STL,G,5on5,30,81671.0,56.49,59.0,1344.0,46.0,65.0,178.71,164.0,704.49,599.0,19.84,0.0,376.35,350.0,277.22,320.0,54.01,745.0,153.0,60.0,20.52,18.99,16.98,28.0,19.0,12.0,386.0,4.0,2.0
8480981,2025,Joel Hofer,STL,G,4on5,30,7936.0,12.99,16.0,233.0,11.86,7.0,27.18,25.0,129.69,114.0,0.63,0.0,83.1,69.0,43.6,66.0,12.43,137.0,32.0,14.0,2.96,3.71,6.31,3.0,5.0,8.0,50.0,0.0,0.0
8480981,2025,Joel Hofer,STL,G,5on4,30,7083.0,1.7,1.0,30.0,1.02,1.0,2.59,1.0,17.23,16.0,2.97,0.0,5.82,2.0,12.25,19.0,1.7,16.0,7.0,1.0,0.42,1.03,0.25,1.0,0.0,0.0,6.0,0.0,0.0
8474596,2025,Jake Allen,NJD,G,other,28,1937.0,5.36,5.0,62.0,3.03,4.0,6.54,3.0,36.24,31.0,0.82,0.0,21.47,24.0,11.35,13.0,4.94,29.0,12.0,8.0,1.38,1.57,2.41,1.0,2.0,2.0,13.0,0.0,0.0
8474596,2025,Jake Allen,NJD,G,all,28,98841.0,78.67,73.0,1596.0,60.61,109.0,205.56,156.0,850.23,768.0,28.91,1.0,457.73,395.0,326.59,423.0,75.09,852.0,216.0,90.0,25.36,27.49,25.83,24.0,30.0,19.0,438.0,0.0,0.0
8474596,2025,Jake Allen,NJD,G,5on5,28,83794.0,61.23,61.0,1334.0,46.88,87.0,173.72,132.0,696.67,628.0,23.72,1.0,371.01,325.0,272.7,342.0,58.9,711.0,172.0,66.0,21.14,22.07,18.02,21.0,27.0,13.0,385.0,0.0,0.0
8474596,2025,Jake Allen,NJD,G,4on5,28,7028.0,10.4,7.0,173.0,9.69,16.0,22.3,21.0,99.84,89.0,0.46,0.0,58.88,41.0,31.24,51.0,9.59,97.0,25.0,14.0,2.45,2.98,4.97,2.0,1.0,4.0,37.0,0.0,0.0
8474596,2025,Jake Allen,NJD,G,5on4,28,6082.0,1.48,0.0,22.0,0.85,2.0,2.4,0.0,14.54,16.0,3.85,0.0,5.01,4.0,9.73,14.0,1.45,12.0,6.0,2.0,0.27,0.78,0.43,0.0,0.0,0.0,2.0,0.0,0.0
8481033,2025,Akira Schmid,VGK,G,other,29,2606.0,8.26,10.0,96.0,4.47,7.0,11.71,7.0,60.46,54.0,0.94,0.0,31.42,30.0,20.22,24.0,7.84,45.0,22.0,11.0,1.96,3.0,3.29,2.0,4.0,4.0,18.0,0.0,0.0
8481033,2025,Akira Schmid,VGK,G,all,29,101130.0,71.63,71.0,1566.0,54.19,101.0,198.96,130.0,803.41,675.0,28.68,1.0,435.65,426.0,316.49,376.0,68.49,848.0,177.0,80.0,24.91,22.68,24.04,30.0,20.0,21.0,461.0,0.0,0.0
8481033,2025,Akira Schmid,VGK,G,5on5,29,86271.0,53.01,48.0,1313.0,42.84,88.0,169.55,108.0,656.4,538.0,23.2,1.0,357.61,357.0,263.52,308.0,50.63,723.0,131.0,56.0,20.79,16.78,15.44,26.0,13.0,9.0,403.0,0.0,0.0
8481033,2025,Akira Schmid,VGK,G,4on5,29,5897.0,9.23,11.0,135.0,6.05,5.0,15.04,13.0,71.1,69.0,0.46,0.0,41.35,36.0,22.15,31.0,8.9,64.0,19.0,13.0,1.64,2.27,5.31,2.0,1.0,8.0,39.0,0.0,0.0
8481033,2025,Akira Schmid,VGK,G,5on4,29,6356.0,0.93,1.0,18.0,0.68,1.0,2.17,0.0,13.01,11.0,4.02,0.0,4.34,3.0,9.45,13.0,0.93,14.0,4.0,0.0,0.43,0.5,0.0,0.0,1.0,0.0,0.0,0.0,0.0
8481668,2025,Arturs Silovs,PIT,G,other,26,2030.0,5.05,7.0,72.0,3.09,1.0,7.61,5.0,41.5,38.0,1.24,0.0,23.2,19.0,16.63,25.0,4.92,36.0,18.0,3.0,1.53,2.28,1.24,2.0,3.0,2.0,15.0,0.0,0.0
8481668,2025,Arturs Silovs,PIT,G,all,26,90970.0,70.95,74.0,1477.0,56.02,74.0,182.67,140.0,782.78,702.0,27.17,1.0,419.52,377.0,307.91,395.0,66.68,781.0,209.0,73.0,22.53,25.84,22.58,32.0,27.0,15.0,414.0,2.0,2.0
8481668,2025,Arturs Silovs,PIT,G,5on5,26,74525.0,54.15,57.0,1175.0,42.19,63.0,150.4,110.0,619.11,562.0,21.33,1.0,329.33,301.0,243.46,308.0,52.04,613.0,174.0,53.0,18.12,21.77,14.26,29.0,22.0,6.0,335.0,2.0,1.0
8481668,2025,Arturs Silovs,PIT,G,4on5,26,7486.0,9.15,8.0,187.0,9.39,8.0,20.49,21.0,94.44,76.0,0.86,0.0,58.13,51.0,28.58,39.0,7.17,104.0,11.0,14.0,2.0,1.07,6.08,0.0,1.0,7.0,58.0,0.0,0.0
8481668,2025,Arturs Silovs,PIT,G,5on4,26,6929.0,2.41,2.0,38.0,1.19,2.0,3.57,4.0,24.91,25.0,3.61,0.0,7.51,4.0,17.6,21.0,2.36,24.0,6.0,3.0,0.68,0.72,1.01,1.0,1.0,0.0,5.0,0.0,1.0
8481551,2025,Colten Ellis,BUF,G,other,13,1354.0,5.41,4.0,50.0,2.49,4.0,5.55,5.0,30.64,28.0,0.42,0.0,17.63,19.0,8.79,9.0,4.58,21.0,12.0,8.0,1.06,1.64,2.72,1.0,2.0,1.0,9.0,0.0,0.0
8481551,2025,Colten Ellis,BUF,G,all,13,43932.0,38.17,38.0,741.0,27.36,48.0,96.76,78.0,396.29,367.0,11.97,0.0,209.14,202.0,149.14,167.0,35.68,383.0,114.0,37.0,11.95,14.74,11.49,13.0,15.0,10.0,207.0,0.0,0.0
8481551,2025,Colten Ellis,BUF,G,5on5,13,36373.0,26.68,28.0,604.0,20.66,39.0,80.4,59.0,314.87,288.0,9.47,0.0,163.99,161.0,122.76,137.0,25.52,315.0,88.0,22.0,9.19,11.37,6.13,10.0,12.0,6.0,179.0,0.0,0.0
8481551,2025,Colten Ellis,BUF,G,4on5,13,2279.0,5.88,6.0,75.0,3.97,5.0,9.74,13.0,45.18,43.0,0.1,0.0,25.45,20.0,13.35,16.0,5.38,40.0,13.0,7.0,1.58,1.65,2.64,2.0,1.0,3.0,15.0,0.0,0.0
8481551,2025,Colten Ellis,BUF,G,5on4,13,3926.0,0.2,0.0,12.0,0.24,0.0,1.07,1.0,5.6,8.0,1.99,0.0,2.06,2.0,4.24,5.0,0.2,7.0,1.0,0.0,0.12,0.08,0.0,0.0,0.0,0.0,4.0,0.0,0.0
8479973,2025,Stuart Skinner,PIT,G,other,36,2486.0,9.73,8.0,90.0,4.11,7.0,9.44,7.0,52.71,54.0,0.76,0.0,28.28,28.0,15.65,19.0,8.25,30.0,26.0,13.0,1.02,3.28,5.44,1.0,4.0,3.0,21.0,0.0,0.0
8479973,2025,Stuart Skinner,PIT,G,all,36,125264.0,101.76,97.0,1976.0,74.15,112.0,248.69,196.0,1039.24,880.0,35.91,1.0,566.96,497.0,399.08,522.0,96.33,1050.0,268.0,108.0,33.21,32.77,35.78,38.0,32.0,27.0,550.0,0.0,0.0
8479973,2025,Stuart Skinner,PIT,G,5on5,36,106842.0,72.36,69.0,1607.0,56.39,90.0,207.22,155.0,830.22,684.0,29.89,1.0,450.73,389.0,328.95,439.0,69.31,871.0,202.0,71.0,27.34,24.85,20.16,35.0,22.0,12.0,463.0,0.0,0.0
8479973,2025,Stuart Skinner,PIT,G,4on5,36,8294.0,17.69,16.0,253.0,12.58,15.0,29.59,32.0,137.58,120.0,0.59,0.0,81.81,77.0,41.67,48.0,16.78,133.0,33.0,22.0,4.21,3.74,9.74,2.0,4.0,10.0,65.0,0.0,0.0
8479973,2025,Stuart Skinner,PIT,G,5on4,36,7642.0,1.65,3.0,23.0,0.91,0.0,2.11,2.0,16.33,19.0,4.29,0.0,5.21,2.0,11.64,15.0,1.64,15.0,5.0,2.0,0.59,0.62,0.44,0.0,1.0,2.0,1.0,0.0,0.0
8479406,2025,Filip Gustavsson,MIN,G,other,36,2137.0,4.46,8.0,59.0,2.63,3.0,7.07,7.0,35.65,37.0,1.17,0.0,18.86,14.0,12.79,15.0,4.31,29.0,14.0,4.0,1.17,1.59,1.7,3.0,4.0,1.0,12.0,0.0,0.0
8479406,2025,Filip Gustavsson,MIN,G,all,36,128256.0,96.98,94.0,2130.0,78.29,118.0,270.27,220.0,1116.83,1005.0,38.66,2.0,611.85,530.0,441.97,571.0,92.65,1192.0,258.0,87.0,34.35,32.8,29.84,32.0,34.0,28.0,593.0,0.0,0.0
8479406,2025,Filip Gustavsson,MIN,G,5on5,36,105571.0,71.95,62.0,1775.0,60.78,90.0,228.03,183.0,910.71,797.0,30.28,1.0,499.76,437.0,365.8,482.0,68.87,988.0,211.0,58.0,28.67,27.08,16.19,25.0,24.0,13.0,518.0,0.0,0.0
8479406,2025,Filip Gustavsson,MIN,G,4on5,36,8074.0,18.07,21.0,251.0,13.39,24.0,30.71,26.0,142.18,139.0,0.5,0.0,83.32,73.0,43.72,49.0,17.01,145.0,26.0,23.0,3.74,3.1,11.22,3.0,5.0,13.0,57.0,0.0,0.0
8479406,2025,Filip Gustavsson,MIN,G,5on4,36,12474.0,2.3,2.0,43.0,1.39,1.0,4.23,4.0,26.66,30.0,6.68,1.0,9.23,6.0,18.9,24.0,2.27,29.0,6.0,2.0,0.7,0.89,0.72,1.0,0.0,1.0,6.0,0.0,0.0
8479361,2025,Joseph Woll,TOR,G,other,25,2040.0,6.51,4.0,78.0,3.11,2.0,8.22,4.0,41.65,36.0,0.78,1.0,21.57,24.0,13.11,20.0,5.64,25.0,21.0,8.0,1.09,2.62,2.8,1.0,3.0,0.0,24.0,0.0,0.0
8479361,2025,Joseph Woll,TOR,G,all,25,85182.0,66.37,69.0,1525.0,55.56,77.0,203.02,159.0,825.89,755.0,23.2,1.0,450.25,415.0,325.11,407.0,63.48,888.0,186.0,54.0,25.88,22.94,17.56,35.0,25.0,9.0,397.0,2.0,1.0
8479361,2025,Joseph Woll,TOR,G,5on5,25,73195.0,47.33,53.0,1240.0,42.0,58.0,168.97,136.0,660.07,603.0,19.14,0.0,361.64,333.0,265.93,327.0,46.07,743.0,132.0,33.0,21.37,16.46,9.5,33.0,16.0,4.0,332.0,2.0,1.0
8479361,2025,Joseph Woll,TOR,G,4on5,25,5554.0,9.88,8.0,163.0,8.93,17.0,21.2,18.0,97.0,89.0,0.44,0.0,57.46,51.0,30.24,37.0,9.15,95.0,25.0,11.0,2.36,2.91,4.61,0.0,4.0,4.0,32.0,0.0,0.0
8479361,2025,Joseph Woll,TOR,G,5on4,25,4393.0,0.83,2.0,21.0,0.64,0.0,2.12,0.0,13.73,13.0,2.59,0.0,4.2,3.0,9.84,13.0,0.83,15.0,3.0,0.0,0.51,0.32,0.0,1.0,1.0,0.0,3.0,0.0,0.0
8481529,2025,Trent Miner,COL,G,other,4,355.0,0.83,3.0,17.0,0.81,0.0,2.16,1.0,11.58,10.0,0.23,0.0,6.59,6.0,5.25,6.0,0.82,12.0,4.0,0.0,0.42,0.4,0.0,3.0,0.0,0.0,1.0,0.0,0.0
8481529,2025,Trent Miner,COL,G,all,4,14194.0,9.23,8.0,224.0,8.05,10.0,29.34,30.0,120.99,105.0,4.53,0.0,64.72,44.0,48.73,72.0,8.7,129.0,28.0,7.0,3.14,3.57,2.52,6.0,2.0,0.0,60.0,0.0,0.0
8481529,2025,Trent Miner,COL,G,5on5,4,11408.0,6.55,5.0,184.0,6.09,8.0,24.15,27.0,95.95,80.0,3.44,0.0,50.95,31.0,39.13,59.0,6.31,103.0,23.0,4.0,2.55,3.0,1.0,3.0,2.0,0.0,54.0,0.0,0.0
8481529,2025,Trent Miner,COL,G,4on5,4,1137.0,1.81,0.0,21.0,1.06,2.0,2.83,2.0,12.45,13.0,0.11,0.0,6.56,7.0,3.38,5.0,1.53,12.0,1.0,3.0,0.13,0.16,1.52,0.0,0.0,0.0,5.0,0.0,0.0
8481529,2025,Trent Miner,COL,G,5on4,4,1294.0,0.04,0.0,2.0,0.1,0.0,0.2,0.0,1.02,2.0,0.75,0.0,0.62,0.0,0.97,2.0,0.04,2.0,0.0,0.0,0.04,0.0,0.0,0.0,0.0,0.0,0.0,0.0,0.0
8483532,2025,Clay Stevenson,WSH,G,other,3,302.0,0.25,0.0,9.0,0.37,0.0,1.23,3.0,4.97,3.0,0.15,0.0,3.3,2.0,1.67,2.0,0.23,7.0,0.0,0.0,0.25,0.0,0.0,0.0,0.0,0.0,2.0,0.0,0.0
8483532,2025,Clay Stevenson,WSH,G,all,3,10807.0,8.42,7.0,173.0,6.33,12.0,23.2,19.0,95.04,73.0,3.48,0.0,50.12,46.0,37.55,45.0,8.12,92.0,27.0,10.0,2.6,3.16,2.66,3.0,1.0,3.0,44.0,0.0,0.0
8483532,2025,Clay Stevenson,WSH,G,5on5,3,9089.0,6.51,6.0,141.0,4.87,11.0,19.02,13.0,75.09,60.0,2.73,0.0,38.85,38.0,29.05,33.0,6.28,70.0,23.0,8.0,2.0,2.73,1.78,2.0,1.0,3.0,40.0,0.0,0.0
8483532,2025,Clay Stevenson,WSH,G,4on5,3,463.0,1.31,1.0,17.0,0.91,1.0,2.29,3.0,10.21,8.0,0.13,0.0,6.59,6.0,3.55,4.0,1.26,11.0,2.0,2.0,0.23,0.21,0.88,1.0,0.0,0.0,2.0,0.0,0.0
8483532,2025,Clay Stevenson,WSH,G,5on4,3,953.0,0.35,0.0,6.0,0.18,0.0,0.66,0.0,4.77,2.0,0.47,0.0,1.39,0.0,3.28,6.0,0.35,4.0,2.0,0.0,0.13,0.23,0.0,0.0,0.0,0.0,0.0,0.0,0.0
8479312,2025,Alex Lyon,BUF,G,other,27,2841.0,5.63,5.0,77.0,3.28,7.0,8.87,9.0,42.29,38.0,0.89,0.0,23.74,19.0,12.93,16.0,5.08,35.0,14.0,7.0,1.48,1.95,2.2,1.0,2.0,2.0,21.0,0.0,0.0
8479312,2025,Alex Lyon,BUF,G,all,27,90115.0,77.84,68.0,1606.0,60.01,95.0,211.79,184.0,868.57,778.0,26.0,0.0,466.93,424.0,336.12,410.0,73.41,892.0,207.0,83.0,25.11,25.36,27.37,22.0,31.0,15.0,424.0,2.0,1.0
8479312,2025,Alex Lyon,BUF,G,5on5,27,73022.0,54.38,50.0,1239.0,43.32,71.0,169.03,143.0,671.82,599.0,21.07,0.0,357.89,333.0,268.81,318.0,52.34,705.0,161.0,50.0,20.22,19.57,14.6,19.0,24.0,7.0,323.0,2.0,1.0
8479312,2025,Alex Lyon,BUF,G,4on5,27,7355.0,15.98,11.0,254.0,12.1,17.0,30.23,32.0,133.38,119.0,0.53,0.0,76.95,66.0,40.35,54.0,14.23,131.0,24.0,25.0,2.76,2.89,10.33,2.0,3.0,6.0,74.0,0.0,0.0
8479312,2025,Alex Lyon,BUF,G,5on4,27,6897.0,1.31,0.0,28.0,0.99,0.0,2.7,0.0,16.54,17.0,3.49,0.0,6.28,5.0,12.09,19.0,1.23,19.0,4.0,1.0,0.55,0.53,0.24,0.0,0.0,0.0,4.0,0.0,0.0
8477480,2025,Eric Comrie,WPG,G,other,19,1629.0,3.75,0.0,48.0,1.86,4.0,5.64,5.0,27.23,20.0,0.46,0.0,15.33,14.0,8.54,13.0,2.81,24.0,7.0,5.0,0.81,0.86,2.09,0.0,0.0,0.0,12.0,0.0,0.0
8477480,2025,Eric Comrie,WPG,G,all,19,63369.0,55.13,54.0,1077.0,40.13,74.0,140.0,122.0,572.6,500.0,17.32,0.0,306.4,272.0,218.29,256.0,51.72,578.0,129.0,72.0,16.35,15.59,23.18,20.0,17.0,17.0,298.0,0.0,0.0
8477480,2025,Eric Comrie,WPG,G,5on5,19,51820.0,39.88,36.0,881.0,30.99,59.0,117.44,101.0,459.87,400.0,13.83,0.0,243.65,218.0,178.62,211.0,37.82,468.0,106.0,52.0,13.2,12.93,13.75,16.0,14.0,6.0,255.0,0.0,0.0
8477480,2025,Eric Comrie,WPG,G,4on5,19,4323.0,10.51,16.0,130.0,6.77,10.0,15.41,15.0,73.6,66.0,0.36,0.0,43.83,36.0,23.04,25.0,10.12,75.0,13.0,14.0,2.05,1.39,7.08,3.0,2.0,11.0,28.0,0.0,0.0
8477480,2025,Eric Comrie,WPG,G,5on4,19,5597.0,0.99,2.0,18.0,0.52,1.0,1.5,1.0,11.9,14.0,2.67,0.0,3.59,4.0,8.1,7.0,0.97,11.0,3.0,1.0,0.3,0.43,0.26,1.0,1.0,0.0,3.0,0.0,0.0
8479394,2025,Carter Hart,VGK,G,other,12,877.0,3.46,2.0,50.0,1.78,2.0,6.08,6.0,29.08,27.0,0.88,0.0,12.83,12.0,11.92,15.0,3.31,21.0,13.0,3.0,0.98,1.51,0.98,1.0,0.0,1.0,13.0,0.0,0.0
8479394,2025,Carter Hart,VGK,G,all,12,39558.0,26.8,36.0,603.0,21.51,35.0,76.36,59.0,313.46,279.0,11.04,1.0,169.83,158.0,125.55,142.0,25.75,318.0,87.0,26.0,9.52,10.04,7.24,20.0,12.0,4.0,172.0,2.0,1.0
8479394,2025,Carter Hart,VGK,G,5on5,12,33204.0,20.04,31.0,481.0,16.7,28.0,62.6,48.0,246.77,217.0,8.36,0.0,136.31,126.0,98.52,109.0,19.34,262.0,63.0,18.0,7.64,7.38,5.02,17.0,11.0,3.0,138.0,0.0,0.0
8479394,2025,Carter Hart,VGK,G,4on5,12,2495.0,2.59,3.0,62.0,2.68,5.0,6.71,4.0,29.77,29.0,0.21,0.0,18.31,14.0,9.73,15.0,2.4,28.0,10.0,3.0,0.75,1.05,0.8,2.0,1.0,0.0,21.0,0.0,0.0
8479394,2025,Carter Hart,VGK,G,5on4,12,2982.0,0.7,0.0,10.0,0.35,0.0,0.97,1.0,7.85,6.0,1.59,1.0,2.38,6.0,5.38,3.0,0.7,7.0,1.0,2.0,0.15,0.1,0.45,0.0,0.0,0.0,0.0,2.0,1.0
8483710,2025,Dennis Hildeby,TOR,G,other,19,1251.0,4.76,2.0,47.0,1.91,2.0,4.65,2.0,25.26,22.0,0.41,0.0,12.94,16.0,8.86,12.0,4.25,18.0,8.0,8.0,0.89,0.96,2.92,1.0,0.0,1.0,13.0,0.0,0.0
8483710,2025,Dennis Hildeby,TOR,G,all,19,57036.0,54.91,46.0,1069.0,41.22,71.0,145.54,106.0,585.98,512.0,15.1,1.0,312.09,300.0,225.12,274.0,51.22,592.0,143.0,64.0,18.1,17.42,19.39,23.0,17.0,6.0,270.0,0.0,0.0
8483710,2025,Dennis Hildeby,TOR,G,5on5,19,47236.0,38.11,37.0,865.0,30.1,49.0,117.94,92.0,460.9,398.0,11.92,1.0,245.76,228.0,182.37,222.0,36.24,482.0,108.0,40.0,14.38,13.19,10.54,20.0,15.0,2.0,235.0,0.0,0.0
8483710,2025,Dennis Hildeby,TOR,G,4on5,19,3826.0,10.58,5.0,136.0,8.42,19.0,20.59,11.0,86.77,77.0,0.31,0.0,48.46,53.0,25.87,29.0,9.37,80.0,23.0,14.0,2.45,2.79,5.34,1.0,1.0,3.0,19.0,0.0,0.0
8483710,2025,Dennis Hildeby,TOR,G,5on4,19,4723.0,1.15,0.0,15.0,0.59,1.0,1.59,1.0,9.3,11.0,2.28,0.0,3.27,2.0,6.05,9.0,1.07,8.0,3.0,2.0,0.2,0.37,0.58,0.0,0.0,0.0,2.0,0.0,0.0
8478435,2025,Dan Vladar,PHI,G,other,33,3071.0,5.72,3.0,77.0,2.9,5.0,8.43,5.0,41.45,34.0,1.03,0.0,22.26,23.0,14.32,18.0,5.28,33.0,13.0,9.0,1.58,1.49,2.65,1.0,2.0,0.0,22.0,0.0,0.0
8478435,2025,Dan Vladar,PHI,G,all,33,113570.0,85.96,78.0,1779.0,62.87,98.0,227.63,167.0,935.85,818.0,29.63,0.0,504.08,479.0,368.68,459.0,82.86,994.0,190.0,98.0,30.44,23.25,32.27,32.0,24.0,22.0,497.0,2.0,1.0
8478435,2025,Dan Vladar,PHI,G,5on5,33,93155.0,58.93,48.0,1402.0,46.09,72.0,185.59,135.0,727.81,628.0,22.9,0.0,391.51,381.0,292.13,364.0,57.09,790.0,148.0,62.0,23.25,18.21,17.46,23.0,17.0,8.0,402.0,2.0,1.0
8478435,2025,Dan Vladar,PHI,G,4on5,33,8642.0,17.58,20.0,247.0,12.01,17.0,28.38,26.0,133.04,120.0,0.63,0.0,78.94,71.0,41.47,49.0,16.87,140.0,21.0,22.0,4.3,2.52,10.76,5.0,2.0,13.0,64.0,0.0,0.0
8478435,2025,Dan Vladar,PHI,G,5on4,33,8702.0,2.41,3.0,38.0,1.23,4.0,3.6,1.0,23.79,26.0,4.92,0.0,7.55,3.0,16.44,21.0,2.31,24.0,4.0,4.0,0.9,0.48,1.03,2.0,1.0,0.0,6.0,0.0,0.0
8482821,2025,Arvid Soderblom,CHI,G,other,17,835.0,1.86,2.0,14.0,0.67,1.0,1.81,0.0,9.55,7.0,0.44,0.0,4.52,5.0,2.77,4.0,1.81,4.0,5.0,3.0,0.23,0.63,1.0,0.0,1.0,1.0,2.0,0.0,0.0
8482821,2025,Arvid Soderblom,CHI,G,all,17,59242.0,58.62,64.0,995.0,40.72,64.0,135.36,101.0,570.51,507.0,14.72,2.0,299.86,270.0,214.48,267.0,55.55,523.0,186.0,59.0,16.2,24.22,18.19,22.0,29.0,13.0,227.0,4.0,2.0
8482821,2025,Arvid Soderblom,CHI,G,5on5,17,48983.0,43.99,53.0,826.0,31.22,52.0,114.02,83.0,465.25,415.0,11.98,2.0,244.65,217.0,180.69,224.0,41.95,456.0,133.0,41.0,14.15,17.46,12.38,22.0,24.0,7.0,196.0,2.0,1.0
8482821,2025,Arvid Soderblom,CHI,G,4on5,17,5035.0,11.78,8.0,141.0,8.3,10.0,18.12,17.0,86.92,74.0,0.34,0.0,47.59,46.0,25.37,32.0,10.8,56.0,44.0,14.0,1.7,5.52,4.56,0.0,4.0,4.0,27.0,0.0,0.0
8482821,2025,Arvid Soderblom,CHI,G,5on4,17,4389.0,0.97,1.0,12.0,0.49,1.0,1.23,1.0,8.07,10.0,1.74,0.0,2.73,1.0,5.28,7.0,0.97,6.0,4.0,1.0,0.11,0.61,0.25,0.0,0.0,1.0,1.0,2.0,1.0
8477831,2025,Pheonix Copley,LAK,G,other,1,97.0,0.0,0.0,1.0,0.0,0.0,0.0,0.0,0.0,0.0,0.0,0.0,0.0,0.0,0.0,0.0,0.0,0.0,0.0,0.0,0.0,0.0,0.0,0.0,0.0,0.0,1.0,0.0,0.0
8477831,2025,Pheonix Copley,LAK,G,all,1,3514.0,2.2,3.0,46.0,1.9,1.0,7.57,7.0,30.31,28.0,1.25,0.0,15.96,14.0,11.19,15.0,2.15,33.0,5.0,2.0,0.78,0.48,0.94,2.0,0.0,1.0,6.0,0.0,0.0
8477831,2025,Pheonix Copley,LAK,G,5on5,1,3029.0,1.43,2.0,37.0,1.51,1.0,6.39,5.0,24.1,22.0,1.12,0.0,12.64,10.0,9.26,14.0,1.39,26.0,5.0,1.0,0.71,0.48,0.23,2.0,0.0,0.0,5.0,0.0,0.0
8477831,2025,Pheonix Copley,LAK,G,4on5,1,125.0,0.77,1.0,7.0,0.37,0.0,1.07,2.0,5.49,5.0,0.0,0.0,3.04,4.0,1.37,0.0,0.75,6.0,0.0,1.0,0.06,0.0,0.71,0.0,0.0,1.0,0.0,0.0,0.0
8477831,2025,Pheonix Copley,LAK,G,5on4,1,263.0,0.01,0.0,1.0,0.02,0.0,0.12,0.0,0.72,1.0,0.14,0.0,0.28,0.0,0.56,1.0,0.01,1.0,0.0,0.0,0.01,0.0,0.0,0.0,0.0,0.0,0.0,0.0,0.0
8482137,2025,Yaroslav Askarov,SJS,G,other,35,3082.0,6.33,10.0,89.0,3.92,3.0,9.41,11.0,47.45,44.0,1.03,0.0,28.12,20.0,15.46,21.0,5.75,40.0,18.0,7.0,1.66,2.53,2.14,6.0,2.0,2.0,24.0,0.0,0.0
8482137,2025,Yaroslav Askarov,SJS,G,all,35,114214.0,102.78,112.0,2040.0,81.07,141.0,262.06,181.0,1101.7,999.0,27.9,0.0,597.61,568.0,419.24,495.0,96.4,1100.0,287.0,113.0,33.08,35.63,34.07,48.0,39.0,25.0,540.0,0.0,0.0
8482137,2025,Yaroslav Askarov,SJS,G,5on5,35,91329.0,70.75,77.0,1564.0,56.4,99.0,206.86,141.0,833.03,755.0,20.67,0.0,449.63,430.0,326.36,390.0,67.38,860.0,202.0,76.0,24.75,25.23,20.77,36.0,27.0,14.0,426.0,0.0,0.0
8482137,2025,Yaroslav Askarov,SJS,G,4on5,35,10305.0,23.47,21.0,345.0,19.45,38.0,41.18,23.0,192.22,171.0,0.64,0.0,110.61,111.0,56.74,63.0,21.08,168.0,61.0,29.0,5.55,6.99,10.93,4.0,9.0,8.0,87.0,0.0,0.0
8482137,2025,Yaroslav Askarov,SJS,G,5on4,35,9498.0,2.01,4.0,40.0,1.18,1.0,4.33,5.0,27.36,27.0,5.43,0.0,8.64,6.0,19.97,21.0,1.98,31.0,5.0,1.0,1.08,0.7,0.23,2.0,1.0,1.0,3.0,0.0,0.0
8476412,2025,Jordan Binnington,STL,G,other,32,1902.0,6.61,4.0,77.0,3.24,6.0,7.96,7.0,41.94,39.0,0.18,0.0,25.37,25.0,11.4,13.0,5.57,33.0,13.0,10.0,1.28,1.49,3.84,1.0,2.0,1.0,21.0,0.0,0.0
8476412,2025,Jordan Binnington,STL,G,all,32,106472.0,83.07,108.0,1597.0,58.16,99.0,206.5,143.0,857.91,794.0,26.88,1.0,454.85,410.0,330.64,399.0,78.83,852.0,214.0,97.0,25.09,27.25,30.72,42.0,35.0,31.0,434.0,4.0,2.0
8476412,2025,Jordan Binnington,STL,G,5on5,32,89391.0,58.48,77.0,1310.0,45.1,78.0,174.9,128.0,692.24,637.0,22.37,1.0,364.06,332.0,272.17,321.0,56.0,717.0,159.0,63.0,20.97,20.76,16.75,37.0,25.0,15.0,371.0,2.0,1.0
8476412,2025,Jordan Binnington,STL,G,4on5,32,6557.0,14.84,23.0,170.0,8.16,14.0,19.15,7.0,96.15,89.0,0.5,0.0,55.59,42.0,30.11,45.0,14.24,79.0,32.0,20.0,2.08,3.7,9.06,3.0,6.0,14.0,39.0,2.0,1.0
8476412,2025,Jordan Binnington,STL,G,5on4,32,8622.0,1.89,1.0,28.0,1.11,1.0,3.05,0.0,19.1,20.0,3.61,0.0,6.4,7.0,12.92,17.0,1.87,18.0,6.0,2.0,0.59,0.84,0.45,0.0,1.0,0.0,2.0,0.0,0.0
8481035,2025,Samuel Ersson,PHI,G,other,24,1806.0,3.17,6.0,51.0,2.06,1.0,5.96,5.0,29.88,26.0,0.59,0.0,16.63,13.0,12.17,16.0,3.08,21.0,20.0,0.0,0.93,2.24,0.0,1.0,5.0,0.0,10.0,0.0,0.0
8481035,2025,Samuel Ersson,PHI,G,all,24,83077.0,62.88,81.0,1303.0,47.04,64.0,162.43,94.0,679.4,563.0,21.36,0.0,369.45,325.0,262.61,362.0,59.58,671.0,205.0,51.0,21.2,24.2,17.47,39.0,32.0,10.0,376.0,2.0,1.0
8481035,2025,Samuel Ersson,PHI,G,5on5,24,67882.0,42.43,59.0,1014.0,33.52,49.0,128.06,72.0,512.74,414.0,16.26,0.0,278.12,249.0,203.72,273.0,40.83,531.0,136.0,36.0,16.11,15.99,10.32,33.0,21.0,5.0,311.0,2.0,1.0
8481035,2025,Samuel Ersson,PHI,G,4on5,24,7634.0,15.09,14.0,206.0,10.2,14.0,25.1,13.0,116.66,103.0,0.7,0.0,67.38,56.0,35.44,60.0,13.48,103.0,40.0,14.0,3.48,4.72,6.9,4.0,5.0,5.0,49.0,0.0,0.0
8481035,2025,Samuel Ersson,PHI,G,5on4,24,5755.0,1.32,2.0,18.0,0.6,0.0,1.9,2.0,11.9,11.0,3.62,0.0,3.86,4.0,7.9,8.0,1.32,11.0,4.0,1.0,0.51,0.56,0.25,1.0,1.0,0.0,2.0,0.0,0.0
8481544,2025,Mads Sogaard,OTT,G,other,2,68.0,0.22,1.0,4.0,0.37,1.0,0.55,1.0,2.96,4.0,0.0,0.0,1.9,1.0,0.84,0.0,0.22,3.0,1.0,0.0,0.07,0.16,0.0,0.0,1.0,0.0,0.0,0.0,0.0
8481544,2025,Mads Sogaard,OTT,G,all,2,4645.0,3.39,6.0,73.0,2.59,3.0,8.94,9.0,35.56,36.0,1.56,1.0,19.66,15.0,13.04,15.0,3.2,35.0,10.0,4.0,0.88,1.33,1.19,3.0,3.0,0.0,24.0,0.0,0.0
8481544,2025,Mads Sogaard,OTT,G,5on5,2,4193.0,2.36,4.0,62.0,1.85,2.0,7.63,8.0,28.44,28.0,1.44,0.0,15.2,13.0,10.86,11.0,2.19,29.0,7.0,3.0,0.74,0.92,0.69,3.0,1.0,0.0,23.0,0.0,0.0
8481544,2025,Mads Sogaard,OTT,G,4on5,2,264.0,0.81,1.0,7.0,0.37,0.0,0.76,0.0,4.17,4.0,0.0,0.0,2.56,1.0,1.34,4.0,0.79,3.0,2.0,1.0,0.07,0.25,0.49,0.0,1.0,0.0,1.0,0.0,0.0
8481544,2025,Mads Sogaard,OTT,G,5on4,2,120.0,0.0,0.0,0.0,0.0,0.0,0.0,0.0,0.0,0.0,0.12,1.0,0.0,0.0,0.0,0.0,0.0,0.0,0.0,0.0,0.0,0.0,0.0,0.0,0.0,0.0,0.0,0.0,0.0
8478916,2025,Joey Daccord,SEA,G,other,33,2965.0,4.46,2.0,79.0,3.03,7.0,8.45,6.0,38.11,23.0,1.15,0.0,22.71,25.0,11.93,12.0,4.07,34.0,11.0,7.0,1.43,1.25,1.78,1.0,0.0,1.0,27.0,0.0,0.0
8478916,2025,Joey Daccord,SEA,G,all,33,115423.0,90.95,90.0,2013.0,73.45,124.0,262.11,237.0,1058.47,925.0,28.99,0.0,581.54,529.0,414.32,477.0,87.02,1124.0,236.0,99.0,31.32,28.38,31.25,32.0,32.0,26.0,554.0,4.0,2.0
8478916,2025,Joey Daccord,SEA,G,5on5,33,95823.0,63.94,55.0,1604.0,55.04,92.0,214.36,199.0,832.33,736.0,22.3,0.0,458.7,422.0,336.92,388.0,61.76,921.0,176.0,61.0,25.64,21.45,16.84,29.0,18.0,8.0,446.0,4.0,2.0
8478916,2025,Joey Daccord,SEA,G,4on5,33,7443.0,18.4,27.0,271.0,13.29,18.0,32.64,30.0,149.07,134.0,0.24,0.0,86.73,69.0,43.07,55.0,17.46,139.0,34.0,26.0,3.31,3.76,11.34,2.0,10.0,15.0,72.0,0.0,0.0
8478916,2025,Joey Daccord,SEA,G,5on4,33,9192.0,2.14,5.0,36.0,1.05,3.0,3.64,2.0,25.0,21.0,4.79,0.0,7.22,6.0,17.19,16.0,2.07,24.0,5.0,3.0,0.7,0.64,0.8,0.0,3.0,2.0,4.0,0.0,0.0
8475852,2025,Petr Mrazek,ANA,G,other,10,393.0,0.76,2.0,12.0,0.54,0.0,1.16,1.0,6.8,7.0,0.19,0.0,3.73,2.0,2.61,4.0,0.76,6.0,3.0,0.0,0.35,0.41,0.0,1.0,1.0,0.0,3.0,0.0,0.0
8475852,2025,Petr Mrazek,ANA,G,all,10,30953.0,27.03,35.0,506.0,19.41,24.0,62.31,47.0,272.52,247.0,10.6,0.0,144.01,132.0,104.19,126.0,25.37,260.0,85.0,21.0,8.55,10.39,8.09,14.0,15.0,6.0,140.0,0.0,0.0
8475852,2025,Petr Mrazek,ANA,G,5on5,10,24880.0,17.65,24.0,403.0,14.12,20.0,51.15,35.0,211.28,191.0,8.88,0.0,112.05,114.0,81.96,90.0,16.59,210.0,62.0,12.0,6.83,7.46,3.36,11.0,10.0,3.0,119.0,0.0,0.0
8475852,2025,Petr Mrazek,ANA,G,4on5,10,2858.0,8.05,9.0,82.0,4.46,3.0,9.17,10.0,47.52,42.0,0.29,0.0,26.25,16.0,14.51,25.0,7.5,37.0,19.0,8.0,1.22,2.34,4.5,2.0,4.0,3.0,18.0,0.0,0.0
8475852,2025,Petr Mrazek,ANA,G,5on4,10,2822.0,0.56,0.0,9.0,0.29,1.0,0.83,1.0,6.92,7.0,1.24,0.0,1.99,0.0,5.11,7.0,0.52,7.0,1.0,1.0,0.15,0.19,0.23,0.0,0.0,0.0,0.0,0.0,0.0
8479496,2025,David Rittich,NYI,G,other,23,3070.0,5.21,5.0,75.0,2.98,2.0,8.73,7.0,43.33,36.0,1.33,0.0,23.68,22.0,16.0,21.0,4.69,33.0,19.0,6.0,1.32,2.33,1.55,2.0,3.0,0.0,17.0,0.0,0.0
8479496,2025,David Rittich,NYI,G,all,23,82811.0,66.88,59.0,1329.0,49.81,73.0,172.03,123.0,712.01,590.0,24.62,0.0,374.89,358.0,273.73,346.0,63.39,684.0,204.0,73.0,20.49,24.93,21.46,21.0,26.0,12.0,368.0,0.0,0.0
8479496,2025,David Rittich,NYI,G,5on5,23,68302.0,48.13,43.0,1065.0,36.29,57.0,138.49,103.0,546.41,454.0,19.73,0.0,286.9,273.0,214.69,266.0,46.05,546.0,146.0,51.0,16.74,17.73,13.66,19.0,19.0,5.0,322.0,0.0,0.0
8479496,2025,David Rittich,NYI,G,4on5,23,5500.0,11.37,8.0,161.0,9.5,11.0,21.47,13.0,100.7,84.0,0.55,0.0,57.95,56.0,29.55,45.0,10.52,91.0,27.0,15.0,2.11,3.24,6.03,0.0,2.0,6.0,28.0,0.0,0.0
8479496,2025,David Rittich,NYI,G,5on4,23,5939.0,2.08,3.0,26.0,0.95,3.0,3.08,0.0,20.17,15.0,2.84,0.0,5.63,7.0,12.69,12.0,2.04,12.0,12.0,1.0,0.22,1.63,0.22,0.0,2.0,1.0,1.0,0.0,0.0
8480238,2025,Jiri Patera,VAN,G,other,1,31.0,0.0,0.0,0.0,0.0,0.0,0.0,0.0,0.0,0.0,0.0,0.0,0.0,0.0,0.0,0.0,0.0,0.0,0.0,0.0,0.0,0.0,0.0,0.0,0.0,0.0,0.0,0.0,0.0
8480238,2025,Jiri Patera,VAN,G,all,1,3409.0,3.38,7.0,68.0,2.53,1.0,8.5,10.0,36.48,40.0,0.67,0.0,20.34,21.0,14.09,11.0,3.31,38.0,9.0,3.0,1.31,1.26,0.81,4.0,1.0,2.0,18.0,0.0,0.0
8480238,2025,Jiri Patera,VAN,G,5on5,1,2372.0,2.27,5.0,52.0,1.88,1.0,6.83,8.0,28.69,32.0,0.5,0.0,15.47,18.0,11.65,7.0,2.23,31.0,7.0,1.0,0.97,0.97,0.33,4.0,0.0,1.0,13.0,0.0,0.0
8480238,2025,Jiri Patera,VAN,G,4on5,1,547.0,1.11,2.0,15.0,0.65,0.0,1.66,2.0,7.79,8.0,0.0,0.0,4.87,3.0,2.44,4.0,1.08,7.0,2.0,2.0,0.34,0.29,0.48,0.0,1.0,1.0,4.0,0.0,0.0
8480238,2025,Jiri Patera,VAN,G,5on4,1,459.0,0.0,0.0,1.0,0.0,0.0,0.0,0.0,0.0,0.0,0.17,0.0,0.0,0.0,0.0,0.0,0.0,0.0,0.0,0.0,0.0,0.0,0.0,0.0,0.0,0.0,1.0,0.0,0.0
8479193,2025,Casey DeSmith,DAL,G,other,21,1892.0,3.69,6.0,48.0,2.08,3.0,6.03,4.0,29.29,29.0,0.56,0.0,17.04,15.0,10.12,12.0,2.79,23.0,16.0,1.0,0.88,1.97,0.84,1.0,4.0,1.0,8.0,0.0,0.0
8479193,2025,Casey DeSmith,DAL,G,all,21,74389.0,60.68,49.0,1171.0,43.08,78.0,152.55,116.0,626.6,553.0,18.86,1.0,335.67,295.0,239.98,315.0,56.04,621.0,168.0,64.0,19.22,20.7,20.76,18.0,19.0,12.0,318.0,2.0,1.0
8479193,2025,Casey DeSmith,DAL,G,5on5,21,60454.0,40.8,31.0,930.0,30.53,56.0,122.42,92.0,479.72,415.0,14.05,0.0,257.97,234.0,189.13,244.0,39.36,507.0,110.0,40.0,15.46,13.43,11.91,16.0,9.0,6.0,273.0,2.0,1.0
8479193,2025,Casey DeSmith,DAL,G,4on5,21,6166.0,13.92,11.0,159.0,9.24,17.0,20.58,15.0,95.32,82.0,0.47,0.0,52.09,40.0,27.04,43.0,11.67,73.0,32.0,21.0,2.32,4.09,7.5,1.0,5.0,5.0,33.0,0.0,0.0
8479193,2025,Casey DeSmith,DAL,G,5on4,21,5877.0,1.43,0.0,25.0,0.78,0.0,2.25,4.0,16.3,21.0,3.63,1.0,5.33,3.0,11.72,15.0,1.41,14.0,7.0,1.0,0.37,0.81,0.24,0.0,0.0,0.0,3.0,0.0,0.0
8474593,2025,Jacob Markstrom,NJD,G,other,30,2406.0,7.06,5.0,84.0,3.48,6.0,7.97,7.0,40.32,36.0,0.79,0.0,24.69,25.0,10.15,12.0,5.91,24.0,22.0,9.0,0.97,2.76,3.33,0.0,2.0,3.0,29.0,0.0,0.0
8474593,2025,Jacob Markstrom,NJD,G,all,30,102286.0,80.07,91.0,1610.0,60.32,91.0,203.94,183.0,847.92,774.0,30.33,2.0,463.68,402.0,325.82,396.0,76.0,866.0,211.0,86.0,26.53,25.69,27.84,47.0,20.0,24.0,447.0,6.0,3.0
8474593,2025,Jacob Markstrom,NJD,G,5on5,30,86095.0,56.66,64.0,1285.0,44.89,66.0,168.05,149.0,673.81,610.0,24.57,2.0,364.72,312.0,269.07,335.0,54.86,711.0,157.0,58.0,21.41,18.9,16.35,39.0,14.0,11.0,359.0,6.0,3.0
8474593,2025,Jacob Markstrom,NJD,G,4on5,30,6288.0,14.81,20.0,217.0,11.11,18.0,25.79,25.0,117.47,114.0,0.5,0.0,68.79,59.0,35.08,38.0,13.68,116.0,27.0,17.0,3.67,3.43,7.71,8.0,2.0,10.0,57.0,0.0,0.0
8474593,2025,Jacob Markstrom,NJD,G,5on4,30,7497.0,1.21,1.0,20.0,0.64,0.0,1.66,1.0,13.59,12.0,4.38,0.0,4.13,6.0,10.01,10.0,1.21,13.0,3.0,2.0,0.42,0.34,0.45,0.0,1.0,0.0,2.0,0.0,0.0
